time,en_0_0,en_0_1,en_0_2,en_0_3,ci_0_0,ci_0_1,ci_0_2,ci_0_3,hh_0_0,hh_0_1,hh_0_2,hh_0_3,ptc_0_0,ptc_0_1,ptc_0_2,ptc_0_3,wg_0_0,wg_0_1,wg_0_2,wg_0_3
0.000000000000000000e+00,2.500000000000000000e-01,3.499999999999999778e-01,5.500000000000000444e-01,3.499999999999999778e-01,5.000000000000000278e-02,5.000000000000000278e-02,5.000000000000000278e-02,5.000000000000000278e-02,9.999999999999999452e-21,9.999999999999999452e-21,9.999999999999999452e-21,9.999999999999999452e-21,9.999999999999999452e-21,9.999999999999999452e-21,9.999999999999999452e-21,9.999999999999999452e-21,2.000000000000000111e-01,2.999999999999999889e-01,2.000000000000000111e-01,1.000000000000000056e-01
5.000000000000000000e+00,5.535686718404144724e-01,6.130928507581052678e-01,7.321411521064361549e-01,6.130928052342617951e-01,4.362039679442425433e-01,5.760443469323989207e-02,2.583623642075738580e-02,5.760443817470634748e-02,8.262931543565590897e-02,8.262937818783454291e-02,8.262944003464305076e-02,8.262937818783215593e-02,7.529218254929418569e-03,2.670981259740609019e-03,1.631158844908677050e-03,2.670981312069175845e-03,2.483872070732947857e-01,3.491189088332312673e-01,2.446868075844113033e-01,1.170505495026714082e-01
1.000000000000000000e+01,7.342653707507198479e-01,7.696966578602266740e-01,8.405591407120249769e-01,7.696965863036544508e-01,2.354434473101837122e-01,2.982667118846057952e-02,1.334988041211629048e-02,2.982667304878263217e-02,1.584310891893536688e-01,1.584311722538585265e-01,1.584312616240564631e-01,1.584311722538490619e-01,2.892730208500354783e-02,8.693935182395813588e-03,4.878803565879907302e-03,8.693935456779249699e-03,2.759676422894384307e-01,3.716192775470382736e-01,2.456332239425356445e-01,1.208711320854398558e-01
1.500000000000000000e+01,5.520127491256414665e-01,8.629137528687043091e-01,9.050940320591585042e-01,8.629136671203321285e-01,1.216570563848895226e-01,1.541181344788977205e-02,6.898023622051296412e-03,1.541181440924756750e-02,2.001349223930929955e-01,2.279695278798329616e-01,2.279696256579671898e-01,2.279695278798157809e-01,5.189374783470426800e-02,1.541131587018748118e-02,8.415863484007992529e-03,1.541131642358842778e-02,2.981683243810981931e-01,3.858921964128265159e-01,2.408627825094538932e-01,1.262602589861218649e-01
2.000000000000000000e+01,3.285809525001953668e-01,9.183979774576520594e-01,9.435078782199646241e-01,9.183970684096820492e-01,6.286457617655592800e-02,7.963445902566288620e-03,3.564281052121994961e-03,7.963446399311249757e-03,1.835978612412150490e-01,2.917619761443900339e-01,2.917620739696982213e-01,2.917619761443654980e-01,6.615780182294163370e-02,2.144164377081438783e-02,1.166677968874483759e-02,2.144164456157315532e-02,2.895587516944312378e-01,3.994077520213254462e-01,2.349760456908247808e-01,1.304363768267221002e-01
2.500000000000000000e+01,1.955850521874339110e-01,7.309812033076780180e-01,9.663733869218011918e-01,7.233796904237148606e-01,3.801114512405366630e-02,4.114795890073966005e-03,1.841701334230059920e-03,4.114796147590373508e-03,1.684272502234323843e-01,3.502832839229096384e-01,3.502833855978263466e-01,3.502832838346348621e-01,7.085296872195799567e-02,2.531722630534019580e-02,1.429636103520686048e-02,2.531722716304291715e-02,2.804069229576249822e-01,4.121638017227267081e-01,2.277772074415895520e-01,1.301909722311808959e-01
3.000000000000000000e+01,1.164203595737602071e-01,4.352549136748176672e-01,9.799696656875345191e-01,4.306962146314441409e-01,3.929515962652799232e-01,2.126159250831391977e-03,9.516263587508766745e-04,2.126159566950958698e-03,1.545101801624831628e-01,4.039683580968280729e-01,4.039691101208012225e-01,4.039683539173419824e-01,7.316731704656015411e-02,2.644557062686589063e-02,1.596348694583354585e-02,2.644557142830478158e-02,2.700489854658525424e-01,4.240109248217102111e-01,2.185666637436466386e-01,1.241071307310767230e-01
3.500000000000000000e+01,6.929824120861118042e-02,2.590886364506587713e-01,9.807469024086474807e-01,2.563735740553644282e-01,6.863005112729585466e-01,1.101538376396203481e-03,4.917153013860850247e-04,1.102157115712416304e-03,1.417430715170673594e-01,4.532135484051819652e-01,4.532188085175163916e-01,4.532135112484844686e-01,8.426754418520834844e-02,2.596109302864979540e-02,1.652222238683006064e-02,2.596109438340934300e-02,2.584408652170354648e-01,4.357213361253161055e-01,2.069298150258630509e-01,1.148232861419580947e-01
4.000000000000000000e+01,4.124919603571836763e-02,1.542334138565313040e-01,9.194656525037565586e-01,1.526143551188407221e-01,8.379081898792198890e-01,3.333518395999204853e-02,2.540744440327399596e-04,3.901767604778771242e-02,1.300309034781049478e-01,4.983910214005779493e-01,4.983990259625980523e-01,4.983909557026421355e-01,1.005487977249549386e-01,2.492978567495720416e-02,1.627517538669902286e-02,2.493648267223032289e-02,2.456647113842345964e-01,4.479015810234181494e-01,1.934410807622425621e-01,1.049512698674941596e-01
4.500000000000000000e+01,2.455323748363319111e-02,9.181226940467965281e-02,8.718991720234064990e-01,9.084672557024114914e-02,9.162454651327157640e-01,4.694830343508862858e-01,1.312829270249730692e-04,4.767784881806420572e-01,1.192865067644337113e-01,5.140401567958750029e-01,5.398460196631976737e-01,5.121699840634070799e-01,1.143498139421448151e-01,2.878669102799969251e-02,1.564885064944570095e-02,2.903228707473112444e-02,2.318882670625330988e-01,4.627377748124664736e-01,1.791247468718249747e-01,1.058890550342628106e-01
5.000000000000000000e+01,1.461510838673464596e-02,5.465048224138181060e-02,8.929043329727296419e-01,5.407575037414873859e-02,9.567231551945388768e-01,7.258752306515575681e-01,6.783526819581518275e-05,7.296450920122051764e-01,1.094299148544888439e-01,4.715652433487462214e-01,5.778682640155251571e-01,4.698496021675328538e-01,1.208559650940284474e-01,4.408250937176101669e-02,1.490170720515955963e-02,4.450663070748306360e-02,2.173583984405700054e-01,4.766616636681257346e-01,1.647695443399769810e-01,9.733194021243493643e-02
5.500000000000000000e+01,8.699520513267739591e-03,3.253024053864703863e-02,9.301540757561048700e-01,3.218813622191400020e-02,9.776384013201951939e-01,8.583568624589067442e-01,3.505119939343895509e-05,8.603047892858023404e-01,1.003877688254267986e-01,4.326000134272992570e-01,6.127487467430308143e-01,4.310261349269278730e-01,1.213822076517597770e-01,6.444556373492209278e-02,1.414087151076781797e-02,6.490427152193910254e-02,2.023819855538923906e-01,4.910023450288361069e-01,1.508444260556004168e-01,8.811076226732011962e-02
6.000000000000000000e+01,5.178316517273217831e-03,1.936335245548743977e-02,9.575294557649201010e-01,1.915971773432471534e-02,9.884455279084130019e-01,9.268115082862333765e-01,1.811132562065239992e-05,9.278180224661946029e-01,9.209277137013097136e-02,3.968544634212957667e-01,6.447470719163822528e-01,3.954106338134170118e-01,1.188235936826715772e-01,8.290338707215846870e-02,1.340269993150654780e-02,8.323904612647681223e-02,1.872920376490183891e-01,5.059185731098719829e-01,1.376117056910241554e-01,7.972009314416866887e-02
6.500000000000000000e+01,3.082349413645121914e-03,1.152587291415786697e-02,9.745965672785374956e-01,1.140466105673662231e-02,9.940296833322623815e-01,9.621827402843148302e-01,9.358313747627187068e-06,9.627028166960533984e-01,8.448318592855377784e-02,3.640625525867500212e-01,6.741013912823488052e-01,3.627380259882249658e-01,1.148917201741323502e-01,9.335252649212133491e-02,1.269770124360305834e-02,9.350073129674527084e-02,1.724082103185248238e-01,5.212740033889210478e-01,1.252115514224211301e-01,7.209835551232714190e-02
7.000000000000000000e+01,1.834742599473503056e-03,6.860679045051957560e-03,9.848604558000725318e-01,6.788528704993954978e-03,9.969150748878434776e-01,9.804594260803083383e-01,4.835540009603755225e-06,9.807281550057752595e-01,7.750237720561760357e-02,3.339802230100546998e-01,7.010301775780963807e-01,3.327651414653718387e-01,1.103888683958413330e-01,9.643784352698744899e-02,1.202791953808541280e-02,9.646966400469537961e-02,1.580035402516717369e-01,5.369178834449157556e-01,1.137074020222389875e-01,6.518523322401846565e-02
7.500000000000000000e+01,1.092115122127540125e-03,4.083761577953686633e-03,9.909848554775001483e-01,4.040814694032959786e-03,9.984059869053424352e-01,9.899031809289844386e-01,2.498575062048670571e-06,9.900420359774959600e-01,7.109838965591977478e-02,3.063835831763193074e-01,7.257338511206681275e-01,3.052689032885225195e-01,1.056901784414330386e-01,9.566042195185760211e-02,1.139276486989961382e-02,9.563828799566789773e-02,1.442851777151573922e-01,5.526900780997147100e-01,1.031122897595305732e-01,5.892170342184012422e-02
8.000000000000000000e+01,6.500723536489045598e-04,2.430824779304993633e-03,9.946328376842752395e-01,2.405261007366876758e-03,9.991763567498205267e-01,9.947828679049137701e-01,1.291040605359531204e-06,9.948546157618436414e-01,6.522356079806292117e-02,2.810672416286592590e-01,7.483962716504343193e-01,2.800446672527298619e-01,1.009799547071688203e-01,9.315956174552565694e-02,1.079086183099512396e-02,9.311329373571086698e-02,1.313903637888271803e-01,5.684311799774874885e-01,9.340642563833935486e-02,5.325127791392852972e-02
8.500000000000000000e+01,3.869501084788347475e-04,1.446928033111088627e-03,9.968048003140359548e-01,1.431711412577913248e-03,9.995744149117464783e-01,9.973042532399419846e-01,6.670948026262000514e-07,9.973413261085866122e-01,5.983416648065252585e-02,2.578427783164891629e-01,7.691861067549798925e-01,2.569046988142426047e-01,9.635312198555921748e-02,8.990854791458041673e-02,1.022063021773333968e-02,8.985146728961353191e-02,1.193936956262918736e-01,5.839915607450543167e-01,8.454971175003596351e-02,4.812079900010302058e-02
9.000000000000000000e+01,2.303288020346257192e-04,8.612717587983896150e-04,9.980977897561460477e-01,8.522141932321228037e-04,9.997800957303981662e-01,9.986070794333142819e-01,3.446954145150761793e-07,9.986262353725755547e-01,5.489009545981073795e-02,2.365373422556375227e-01,7.882580871755843210e-01,2.356767758525965817e-01,9.185991155881849390e-02,8.634941649414072662e-02,9.680471399592780260e-03,8.628780084236217784e-02,1.083200123617398675e-01,5.992380615022734336e-01,7.649059343674545486e-02,4.348083055933887886e-02
9.500000000000000000e+01,1.371012848536458666e-04,5.126647805065520994e-04,9.988674786383943127e-01,5.072733406787414360e-04,9.998863731622079642e-01,9.992802633638123710e-01,1.781082410599782937e-07,9.992901614381306530e-01,5.035455086620734683e-02,2.169923650631970236e-01,8.057541583804201935e-01,2.162029068858576097e-01,8.752677700316252585e-02,8.269577637846500795e-02,9.168830256940147319e-03,8.263279478671285705e-02,9.815826350762184294e-02,6.140580255718737224e-01,6.917211664913132385e-02,3.928577702219916701e-02
1.000000000000000000e+02,8.160838828004989888e-05,3.051594046674811615e-04,9.993256454358537821e-01,3.019501953932850419e-04,9.999412878236052515e-01,9.996281045467622084e-01,9.203088429508170306e-08,9.996332189853643913e-01,4.619377633973975605e-02,1.990623807924245259e-01,8.218045369868333117e-01,1.983381551991805769e-01,8.336683791442281444e-02,7.905741619696056433e-02,8.684215965303119025e-03,7.899476277335103214e-02,8.887369337051191642e-02,6.283609056697072592e-01,6.253590439829448400e-02,3.549383092501855186e-02
1.050000000000000000e+02,4.857670768568495923e-05,1.816435725602204493e-04,9.995983697157561076e-01,1.797333176942645403e-04,9.999696628039300705e-01,9.998078377267665129e-01,4.755380087012190002e-08,9.998104804107265098e-01,4.237680479358463259e-02,1.826139432841686061e-01,8.365286798969683302e-01,1.819495601351118763e-01,7.938541543259941546e-02,7.549330709579255005e-02,8.225208165224493287e-03,7.543192303830104084e-02,8.041735335613946212e-02,6.420779643701902684e-01,5.652464811434748659e-02,3.206681797710888432e-02
1.100000000000000000e+02,2.891487724868283600e-05,1.081218109217136936e-04,9.997607064488596151e-01,1.069847477571985041e-04,9.999843244532568010e-01,9.999007077421014911e-01,2.457201902803097981e-08,9.999020732445628168e-01,3.887522793776630736e-02,1.675246329770746501e-01,8.500361733586043744e-01,1.669151475172006294e-01,7.558312465979000194e-02,7.203576549983456423e-02,7.790457521902278103e-03,7.197618225264711123e-02,7.273295778095742459e-02,6.551606715029922867e-01,5.108357992374858852e-02,2.896998535658361004e-02
1.150000000000000000e+02,1.721133782297840781e-05,6.435859982392204089e-05,9.998573342562523392e-01,6.368177252556564188e-05,9.999919002809255497e-01,9.999486946510749430e-01,1.269708743054832848e-08,9.999494002204888377e-01,3.566298484689145454e-02,1.536821457846283545e-01,8.624275485666018648e-01,1.531230218418778988e-01,7.195768248726906735e-02,6.870228185530991016e-02,7.378683999891528546e-03,6.864479562836695026e-02,6.576153381487272187e-02,6.675783503176340172e-01,4.616126857384283966e-02,2.617176287376117225e-02
1.200000000000000000e+02,1.024490427916934551e-05,3.830891599008463117e-05,9.999148488339167917e-01,3.790604022548648810e-05,9.999958147903773575e-01,9.999734899892092077e-01,6.561183359826110461e-09,9.999738545643085397e-01,3.271616799844003637e-02,1.409834572578940182e-01,8.737950298738548227e-01,1.404705334821218510e-01,6.850500621120955702e-02,6.550169775781987391e-02,6.988674196581889930e-03,6.544646375862031573e-02,5.944441170668986890e-02,6.793155064251199526e-01,4.170997962798779490e-02,2.364351576895507706e-02
1.250000000000000000e+02,6.098193224074395218e-06,2.280306048221187836e-05,9.999490815046047087e-01,2.256325206713360876e-05,9.999978374583828877e-01,9.999863019999497560e-01,3.390695931922403469e-09,9.999864903797195392e-01,3.001284533802692223e-02,1.293340558131148288e-01,8.842232211794308627e-01,1.288635147047192120e-01,6.521990336390073861e-02,6.243761864952486473e-02,6.619278320555785182e-03,6.238470467076286802e-02,5.372504185751006411e-02,6.903691422621591745e-01,3.768576326214205519e-02,2.135930067867847920e-02
1.300000000000000000e+02,3.629898297218891348e-06,1.357333022656458248e-05,9.999694559151892648e-01,1.343058628166712007e-05,9.999988825921118929e-01,9.999929221000001256e-01,1.752470951962986387e-09,9.999930194377987247e-01,2.753289704733138596e-02,1.186472393173769041e-01,8.937897356017295847e-01,1.182155788150789089e-01,6.209651681150768487e-02,5.951039276579508236e-02,6.269407083907416883e-03,5.945981104776244808e-02,4.855001821213790481e-02,7.007462445452908861e-01,3.404837777975366908e-02,1.929563155852278070e-02
1.350000000000000000e+02,2.160666473493420993e-06,8.079410813427650247e-06,9.999815814833040717e-01,7.994443679149977145e-06,9.999994226236484929e-01,9.999963427749878342e-01,9.059823946491891108e-10,9.999963930704450776e-01,2.525786579982705962e-02,1.088434697971143450e-01,9.025657731226317537e-01,1.084474772134284420e-01,5.912861835289483919e-02,5.671830710538061648e-02,5.938028634815628592e-03,5.667003401723572781e-02,4.386958280498357010e-02,7.104615440046855301e-01,3.076111899738231265e-02,1.743125927853377347e-02
1.400000000000000000e+02,1.286118570665005864e-06,4.809201426808090960e-06,9.999887971905350170e-01,4.758625453777875630e-06,9.999997016635960856e-01,9.999981102735570060e-01,4.685925603114984976e-10,9.999981362617457181e-01,2.317081938981458561e-02,9.984978146676733168e-02,9.106166505015497181e-01,9.948650957717024290e-02,5.630980573129648614e-02,5.405833602749358924e-02,5.624165588984549047e-03,5.401232462599370177e-02,3.963780151126444773e-02,7.195355857973259051e-01,2.779060021726784124e-02,1.574696664746902397e-02
1.450000000000000000e+02,7.655512769330873580e-07,2.862636756281100855e-06,9.999930905398861647e-01,2.832531833128177842e-06,9.999998458464574025e-01,9.999990235585674014e-01,2.425884536534915456e-10,9.999990369869370399e-01,2.125622471234615493e-02,9.159923767172581388e-02,9.180022874031874558e-01,9.126598277956855798e-02,5.363363644841396410e-02,5.152662388669149857e-02,5.326892185497553688e-03,5.148281215365636126e-02,3.581253836174521504e-02,7.279931106648129813e-01,2.510651076925125499e-02,1.422537939638851730e-02
1.500000000000000000e+02,4.556879676427060050e-07,1.703960485566612769e-06,9.999956445691480234e-01,1.686040782914495263e-06,9.999999203472512699e-01,9.999994954624927823e-01,1.258096460999218853e-10,9.999995024010700506e-01,1.949983215614589302e-02,8.403043270388987906e-02,9.247776523568841389e-01,8.372471451779521512e-02,5.109371927347990811e-02,4.911880394449953668e-02,5.045331576244093362e-03,4.907712031579161693e-02,3.235531181166039633e-02,7.358617251744820065e-01,2.268137024494075796e-02,1.285079290548568273e-02
1.550000000000000000e+02,2.712444353645697367e-07,1.014268167276793225e-06,9.999971634610423932e-01,1.003601614782728898e-06,9.999999588425899644e-01,9.999997393001899271e-01,6.546874228530066013e-11,9.999997428854249248e-01,1.788856954908862873e-02,7.708703478197755088e-02,9.309931718666319966e-01,7.680657795596093629e-02,4.868377686153382844e-02,4.683021335171438232e-02,4.778653249946143537e-03,4.679058049900339245e-02,2.923108653067623894e-02,7.431708288982076249e-01,2.049028857774833415e-02,1.160901402203903116e-02
1.600000000000000000e+02,1.614559719380860648e-07,6.037346076185216724e-07,9.999980663621728105e-01,5.973854318360104815e-07,9.999999787335344115e-01,9.999998652936803456e-01,3.428992298923954939e-11,9.999998671462081434e-01,1.641044486691774218e-02,7.071736679517019730e-02,9.366951057165561201e-01,7.046008399409051104e-02,4.639768829674159600e-02,4.465604034536919259e-02,4.526070587844512744e-03,4.461837780165246042e-02,2.640803449867216990e-02,7.499507629720599811e-01,1.851073769612161801e-02,1.048721708061491759e-02
1.650000000000000000e+02,9.610531120918648846e-08,3.593679543497092097e-07,9.999986027532130617e-01,3.555886607926151893e-07,9.999999890113939749e-01,9.999999303958340136e-01,1.817947526262285822e-11,9.999999313530546496e-01,1.505445698109869959e-02,6.487402168972568328e-02,9.419258912651180538e-01,6.463799805403222520e-02,4.422951747821401297e-02,4.259142616361213940e-02,4.286838546246151023e-03,4.255565216606219114e-02,2.385728627834500515e-02,7.562321451866945710e-01,1.672233769754184057e-02,9.473813126042850835e-03
1.700000000000000000e+02,5.720587929789561192e-08,2.139107564545927398e-07,9.999989211225840391e-01,2.116611637074459021e-07,9.999999943220712062e-01,9.999999640348000707e-01,9.855023140243291531e-12,9.999999645294053163e-01,1.381051378153882493e-02,5.951350963602927008e-02,9.467244592904399125e-01,5.929698853017978388e-02,4.217353139734270062e-02,4.063153606610836466e-02,4.060251460347259408e-03,4.059756885839590351e-02,2.155268500912941101e-02,7.620453596245017058e-01,1.510665876966218839e-02,8.558331307566467705e-03
1.750000000000000000e+02,3.405131917342557294e-08,1.273285811189723985e-07,9.999991098442065907e-01,1.259895299308170961e-07,9.999999970661559434e-01,9.999999814164053369e-01,5.553682578665585546e-12,9.999999816719713497e-01,1.266935706479094259e-02,5.459593435007734086e-02,9.511265237374934012e-01,5.439730428855581862e-02,4.022421112606308635e-02,3.877160888203276534e-02,3.845640963503770254e-03,3.873936763670009220e-02,1.947055035570853174e-02,7.674201726601459495e-01,1.364703904016051177e-02,7.731311428005380529e-03
1.800000000000000000e+02,2.026876173710267305e-08,7.579126846392234031e-08,9.999992215098241211e-01,7.499420949101509339e-08,9.999999984840516332e-01,9.999999903976630744e-01,3.331129526367274918e-12,9.999999905297161096e-01,1.162249362871156308e-02,5.008469616037297678e-02,9.551648475236050873e-01,4.990247881400739632e-02,3.837625751075362385e-02,3.700699139157879319e-02,3.642374016150265025e-03,3.697639686117115687e-02,1.758945629329676519e-02,7.723854511545161783e-01,1.232841792170978612e-02,6.984206674817612127e-03
1.850000000000000000e+02,1.206481018438937292e-08,4.511411597371851989e-08,9.999992874127330289e-01,4.463967331468396278e-08,9.999999992166926921e-01,9.999999950383727798e-01,2.182709915875847315e-12,9.999999951066057546e-01,1.066213206073769043e-02,4.594621961027629820e-02,9.588694863805702351e-01,4.577905880358780488e-02,3.662459300355093428e-02,3.533316184570696461e-02,3.449851038729319537e-03,3.530413681766672584e-02,1.589002452460193046e-02,7.769689625038924685e-01,1.113718417434511956e-02,6.309295617899737807e-03
1.900000000000000000e+02,7.181476928553242986e-09,2.685379861479619530e-08,9.999993261691837443e-01,2.657139060690334724e-08,9.999999995952567611e-01,9.999999974362749899e-01,1.589307593437862754e-12,9.999999974715321205e-01,9.781124749320484549e-03,4.214970356845253868e-02,9.622680125482137026e-01,4.199635518614933116e-02,3.496436067228411715e-02,3.374574561630582642e-02,3.267504143216453522e-03,3.371821522428094381e-02,1.435473404561952472e-02,7.811972396651348793e-01,1.006103773287267238e-02,5.699602623776217104e-03
1.950000000000000000e+02,4.274713823684793989e-09,1.598449807736732037e-08,9.999993488502466610e-01,1.581639708264589634e-08,9.999999997908655125e-01,9.999999986752959868e-01,1.282689283719278773e-12,9.999999986935151908e-01,8.972914686929019112e-03,3.866689198758530011e-02,9.653857199842386105e-01,3.852621471507806233e-02,3.339092115509487146e-02,3.224052509119736121e-02,3.094795458072325308e-03,3.221441702031895699e-02,1.296774661508460352e-02,7.850954972931794007e-01,9.088864276994327099e-03,5.148825902532745691e-03
2.000000000000000000e+02,2.544487499743751232e-09,9.514638224946648906e-09,9.999993620365088542e-01,9.414577519738001384e-09,9.999999998919373301e-01,9.999999993155130884e-01,1.124255733033581596e-12,9.999999993249250041e-01,8.231486668698289114e-03,3.547186360519581638e-02,9.682458126176802793e-01,3.534281043422129315e-02,3.189984812920833301e-02,3.081344533083946874e-02,2.931215541706649625e-03,3.078868994414807672e-02,1.171474744615777323e-02,7.886875876957440967e-01,8.210621515259123107e-03,4.651272469437928332e-03
2.050000000000000000e+02,1.514584812784327039e-09,5.663508488877497827e-09,9.999993696363780327e-01,5.603948194523223220e-09,9.999999999441628873e-01,9.999999996463172502e-01,1.042391070116693390e-12,9.999999996511806932e-01,7.551322523511878881e-03,3.254083902139324330e-02,9.708695770470604502e-01,3.242244945752300461e-02,3.048692272094753047e-02,2.946061658991530607e-02,2.776281879787343039e-03,2.943714699586526262e-02,1.058280020732752132e-02,7.919959874633654140e-01,7.417236184646798514e-03,4.201799365936884079e-03
2.100000000000000000e+02,9.015438886408200690e-10,3.371155859556327547e-09,9.999993739683923355e-01,3.335703094595588714e-09,9.999999999711480791e-01,9.999999998172500737e-01,1.000090513912317319e-12,9.999999998197608431e-01,6.927360044320540755e-03,2.985200371770497380e-02,9.732765409685738556e-01,2.974339663174546330e-02,2.914812717971087402e-02,2.817831451615700547e-02,2.629537461969418816e-03,2.815606659199528308e-02,9.560215314975388165e-03,7.950418074173305483e-01,6.700510819052448927e-03,3.795760543658990675e-03
2.150000000000000000e+02,5.366364275444175086e-10,2.006652210681772616e-09,9.999993764054381229e-01,1.985549250110665808e-09,9.999999999850918142e-01,9.999999999055708688e-01,9.782332408526175627e-13,9.999999999068697187e-01,6.354955312030682348e-03,2.738534569978396879e-02,9.754846185134158354e-01,2.728571276986154967e-02,2.787963806120373478e-02,2.696297863128369401e-02,2.490549433849142697e-03,2.694189101340255243e-02,8.636430473126314664e-03,7.978448199845381561e-01,6.053039401855720217e-03,3.428958869838353869e-03
2.200000000000000000e+02,3.194283262257985215e-10,1.194442874309575451e-09,9.999993777581751564e-01,1.181881514275772648e-09,9.999999999922964955e-01,9.999999999512071414e-01,9.669392821313717537e-13,9.999999999518788263e-01,5.829848132553362705e-03,2.512250655562801513e-02,9.775102435759489561e-01,2.503110625115232205e-02,2.667781910717370933e-02,2.581120954889527461e-02,2.358907820169056299e-03,2.579122359856756558e-02,7.801902435202746552e-03,8.004234993060177494e-01,5.468131083745725839e-03,3.097602762989416520e-03
2.250000000000000000e+02,1.901370282712863338e-10,7.109820886720550640e-10,9.999993785032393889e-01,7.035050446162151162e-10,9.999999999960195174e-01,9.999999999747878343e-01,9.611035312361665685e-13,9.999999999751355562e-01,5.348130329774992454e-03,2.304664482079378865e-02,9.793684921250305209e-01,2.296279688352284576e-02,2.553921396495211979e-02,2.471976527427122844e-02,2.234224315508767916e-03,2.470082502519095266e-02,7.048009008278597470e-03,8.027950703593264015e-01,4.939741213161906626e-03,2.798267013893153670e-03
2.300000000000000000e+02,1.131774690960894842e-10,4.232061166631089618e-10,9.999993789190373406e-01,4.187554689894074855e-10,9.999999999979428678e-01,9.999999999869725320e-01,9.580881124484867325e-13,9.999999999871522771e-01,4.906216658465823235e-03,2.114231063368281205e-02,9.810731944088018075e-01,2.106539101481594289e-02,2.446053885653761903e-02,2.368555684956172996e-02,2.116131138894880234e-03,2.366760894213140731e-02,6.366960379933407285e-03,8.049755641632009295e-01,4.462408990825499078e-03,2.527857389118849663e-03
2.350000000000000000e+02,6.736793788909085553e-11,2.519098863877025625e-10,9.999993791665272580e-01,2.492606757414251272e-10,9.999999999989359623e-01,9.999999999932683847e-01,9.565299996567303093e-13,9.999999999933619765e-01,4.500818120642214280e-03,1.939533074800693993e-02,9.826370378880445733e-01,1.932476696362305651e-02,2.343867528111372167e-02,2.270564354680100830e-02,2.004279948951881787e-03,2.268863715298775549e-02,5.751718913596641329e-03,8.069798767690411490e-01,4.031201120602572081e-03,2.283578652678735794e-03
2.400000000000000000e+02,4.010019919755567590e-11,1.499472440526685495e-10,9.999993793372816686e-01,1.483703236664914077e-10,9.999999999994507727e-01,9.999999999965218933e-01,9.557248982302186979e-13,9.999999999965694109e-01,4.128917486786201803e-03,1.779270304662327121e-02,9.840716616642047887e-01,1.772796991689735285e-02,2.247066281485366954e-02,2.177722776492878320e-02,1.898340816394170029e-03,2.176111450665953531e-02,5.195926625511972964e-03,8.088218302557480532e-01,3.641660885721502774e-03,2.062905676261482437e-03
2.450000000000000000e+02,2.386930676623910269e-11,8.925483759849830813e-11,9.999993794820309922e-01,8.831618898335882140e-11,9.999999999997114530e-01,9.999999999982025489e-01,9.553088889749820400e-13,9.999999999982269738e-01,3.787746839735967215e-03,1.632249977164478352e-02,9.853877431048635449e-01,1.626311551213113771e-02,2.155369205623814191e-02,2.089764975165151611e-02,1.798001250828330788e-03,2.088238361506184262e-02,4.693839622313990267e-03,8.105142343554546658e-01,3.289762131917640768e-03,1.863557340092120542e-03
2.500000000000000000e+02,1.420800437159810275e-11,5.312819241903588663e-11,9.999993796276386293e-01,5.256946971468989402e-11,9.999999999998440137e-01,9.999999999990706323e-01,9.550939294242560498e-13,9.999999999990826227e-01,3.474766974114808140e-03,1.497377875060446582e-02,9.865950773113800754e-01,1.491930138649568902e-02,2.068509775286141855e-02,2.006438224370931875e-02,1.702965278995181419e-03,2.004991949105196236e-02,4.240268841081938633e-03,8.120689476665907680e-01,2.971867687388986008e-03,1.683472955095069966e-03
2.550000000000000000e+02,8.457195267558959121e-12,3.162411030773742888e-11,9.999993797871425949e-01,3.129153531075055651e-11,9.999999999999293898e-01,9.999999999995183853e-01,9.549828551516764781e-13,9.999999999995243805e-01,3.187648497976328533e-03,1.373650195796331623e-02,9.877026500201768755e-01,1.368652603463702336e-02,1.986235213605733532e-02,1.927502509792075255e-02,1.612952571732638842e-03,1.926132417854224330e-02,3.830526492762524691e-03,8.134969376733696134e-01,2.684691793653484846e-03,1.520790962952420222e-03
2.600000000000000000e+02,5.034074450075425220e-12,1.882398604620342334e-11,9.999993799657155291e-01,1.862602357258198373e-11,9.999999999999293898e-01,9.999999999997517541e-01,9.549254597744738667e-13,9.999999999997557509e-01,2.924254496012438417e-03,1.260146080584453356e-02,9.887187044802020486e-01,1.255561437121662828e-02,1.908305848206024585e-02,1.852729996878538579e-02,1.527697617084210722e-03,1.851432143026605567e-02,3.460377664660297010e-03,8.148083389996026993e-01,2.425266161714236327e-03,1.373829694096944873e-03
2.650000000000000000e+02,2.996490534647035685e-12,1.120481958921591154e-11,9.999993801641663405e-01,1.108698408950193058e-11,9.999999999999293898e-01,9.999999999998641087e-01,9.548958008611995252e-13,9.999999999998661071e-01,2.682624625292809057e-03,1.156020760796225635e-02,9.896508028043472516e-01,1.151814944418666671e-02,1.834494491238551628e-02,1.781904507534944754e-02,1.446948937114032408e-03,1.780675147565498675e-02,3.125996588194538024e-03,8.160125094903023513e-01,2.190909304617628863e-03,1.241069984884453315e-03
2.700000000000000000e+02,1.783635822885920704e-12,6.669574749934447289e-12,9.999993803809968940e-01,6.599434158443395872e-12,9.999999999999293898e-01,9.999999999999293898e-01,9.548804735562250426e-13,9.999999999999293898e-01,2.460960525166548153e-03,1.060499270665564951e-02,9.905058822514161143e-01,1.056640979056786521e-02,1.764585844132494918e-02,1.714821008967642307e-02,1.370468346118281942e-03,1.713656591097038190e-02,2.823927124406348452e-03,8.171180838451129747e-01,1.979198830800471976e-03,1.121139474362358151e-03
2.750000000000000000e+02,1.061694242613948126e-12,3.970008351386231337e-12,9.999993806136028285e-01,3.928257753419939851e-12,9.999999999999293898e-01,9.999999999999293898e-01,9.548725513789286678e-13,9.999999999999293898e-01,2.257612432737195890e-03,9.728706795088791839e-03,9.912903068575578125e-01,9.693311968491517480e-03,1.698375927464532836e-02,1.651285117099913005e-02,1.298030248044909846e-03,1.650182273560853521e-02,2.551047061959877196e-03,8.181330246299748366e-01,1.787946412835506992e-03,1.012798418381613075e-03
2.800000000000000000e+02,6.319645806259963163e-13,2.363114126613740895e-12,9.999993808589459077e-01,2.338262433842295753e-12,9.999999999999293898e-01,9.999999999999293898e-01,9.548684553364128064e-13,9.999999999999293898e-01,2.071066904295273091e-03,8.924828005341885889e-03,9.920099148013901136e-01,8.892357837794137923e-03,1.635671536053874553e-02,1.591112616300578361e-02,1.229420971049284333e-03,1.590068155190406396e-02,2.304535860862196982e-03,8.190646705732128607e-01,1.615175173562340659e-03,9.149268744621840213e-04
2.850000000000000000e+02,3.761716086756740973e-13,1.406623835804155053e-12,9.999993811139435973e-01,1.391831074414128684e-12,9.999999999999293898e-01,9.999999999999293898e-01,9.548663361404723759e-13,9.999999999999293898e-01,1.899935551323448648e-03,8.187373368590464967e-03,9.926700618553880862e-01,8.157586196793395472e-03,1.576289719144105192e-02,1.534128996636274084e-02,1.164438137222848597e-03,1.533139894043008059e-02,2.081845510095626031e-03,8.199197821137692577e-01,1.459099256381134581e-03,8.265131249766519313e-04
2.900000000000000000e+02,2.239129905563314751e-13,8.372810238698197855e-13,9.999993813756687944e-01,8.284757568984847543e-13,9.999999999999293898e-01,9.999999999999293898e-01,9.548652382705545125e-13,9.999999999999293898e-01,1.742944707240656841e-03,7.510854286108602923e-03,9.932756612468863766e-01,7.483528415296186904e-03,1.520057285337639633e-02,1.480169009423597942e-02,1.102890065635708274e-03,1.479232401847408417e-02,1.880674199088450951e-03,8.207045842163368521e-01,1.318105368921701969e-03,7.466432190064830471e-04
2.950000000000000000e+02,1.332823269581374665e-13,4.983844970405443807e-13,9.999993816414532999e-01,4.931432358322890854e-13,9.999999999999293898e-01,9.999999999999293898e-01,9.548646680288759192e-13,9.999999999999293898e-01,1.598925947978664273e-03,6.890235679683926091e-03,9.938312202253923866e-01,6.865167733631715417e-03,1.466810331789383283e-02,1.429076241501385167e-02,1.044595206932264668e-03,1.428189418582101813e-02,1.698942531713939531e-03,8.214248065033584734e-01,1.190736109596817697e-03,6.744915247820159557e-04
3.000000000000000000e+02,7.933518566850084563e-14,2.966591858756561371e-13,9.999993819089192382e-01,2.935393691633875687e-13,9.999999999999293898e-01,9.999999999999293898e-01,9.548643703472931644e-13,9.999999999999293898e-01,1.466807395839252312e-03,6.320898517415724123e-03,9.943408736083585442e-01,6.297901924787802606e-03,1.416393797035333559e-02,1.380702708349010148e-02,9.893816078121288674e-04,1.379863105904581902e-02,1.534772037559846945e-03,8.220857207800030819e-01,1.075674904903452722e-03,6.093121950584455071e-04
3.050000000000000000e+02,4.722360292398264425e-14,1.765838887184480114e-13,9.999993821760254642e-01,1.747268440241638232e-13,9.999999999999293898e-01,9.999999999999293898e-01,9.548642134578562074e-13,9.999999999999293898e-01,1.345605741909841222e-03,5.798605435990119086e-03,9.948084145550741830e-01,5.777509041758484808e-03,1.368661036722072788e-02,1.334908465930152374e-02,9.370864038166788323e-04,1.334113659306030222e-02,1.386465758792801515e-03,8.226921760467242883e-01,9.717324019313350022e-04,5.504314572135501037e-04
3.100000000000000000e+02,2.810945300412149875e-14,1.051100766116138486e-13,9.999993824409886267e-01,1.040046863548694196e-13,9.999999999999293898e-01,9.999999999999293898e-01,9.548641293006987976e-13,9.999999999999293898e-01,1.234418927663468541e-03,5.319469203571583482e-03,9.952373227977393544e-01,5.300115995173380543e-03,1.323473421409107793e-02,1.291561240931857202e-02,8.875553389251112247e-04,1.290808938657266036e-02,1.252490712278860443e-03,8.232486311068896168e-01,8.778341755406475272e-04,4.972406483754820234e-04
3.150000000000000000e+02,1.673191580623004862e-14,6.256589027164792594e-14,9.999993827023172521e-01,6.190791600561852720e-14,9.999999999999293898e-01,9.999999999999293898e-01,9.548640827316054486e-13,9.999999999999293898e-01,1.132419431274935212e-03,4.879923788591901401e-03,9.956307905398030789e-01,4.862169727343729035e-03,1.280699955532839558e-02,1.250536078887888244e-02,8.406423105429585959e-04,1.249824116631146134e-02,1.131462045919749519e-03,8.237591848850233101e-01,7.930096232305995163e-04,4.491899235886164595e-04
3.200000000000000000e+02,9.959532350406238038e-15,3.724182068621359352e-14,9.999993829587676686e-01,3.685016703075977279e-14,9.999999999999293898e-01,9.999999999999293898e-01,9.548640556109152822e-13,9.999999999999293898e-01,1.038848108685719480e-03,4.476697819112526039e-03,9.959917462143377254e-01,4.460410768184409902e-03,1.240216916545496158e-02,1.211715009515804305e-02,7.962089385408955720e-04,1.211041344327950034e-02,1.022128725614765508e-03,8.242276045758696323e-01,7.163819329756017070e-04,4.057825719812939110e-04
3.250000000000000000e+02,5.928327980341281149e-15,2.216788096520683680e-14,9.999993832093219126e-01,2.193475241634131407e-14,9.999999999999293898e-01,9.999999999999293898e-01,9.548640385825549974e-13,9.999999999999293898e-01,9.530085435790061144e-04,4.106790235228161522e-03,9.963228762792694093e-01,4.091848976198628370e-03,1.201907513171370824e-02,1.174986728454576433e-02,7.541241570726199984e-04,1.174349433287544264e-02,9.233606050340746217e-04,8.246573517461714964e-01,6.471590203806101924e-04,3.665698821833757951e-04
3.300000000000000000e+02,3.528787437601307454e-15,1.319524495400128170e-14,9.999993834531600845e-01,1.305647714336213310e-14,9.999999999999293898e-01,9.999999999999293898e-01,9.548640268261637037e-13,9.999999999999293898e-01,8.742618642138214741e-04,3.767447953301632669e-03,9.966266452116849806e-01,3.753741283974409634e-03,1.165661561654472191e-02,1.140246294459040105e-02,7.142638279678017706e-04,1.139643552942145970e-02,8.341367446493154871e-04,8.250516065107564856e-01,5.846253415144740022e-04,3.311465039185038117e-04
3.350000000000000000e+02,2.100481083547597784e-15,7.854358730515317397e-15,9.999993836896371446e-01,7.771758356758920985e-15,9.999999999999293898e-01,9.999999999999293898e-01,9.548640178624969283e-13,9.999999999999293898e-01,8.020219885418722588e-04,3.456145375793239719e-03,9.969053138500024724e-01,3.443571282560900330e-03,1.131375178804663872e-02,1.107394840986867038e-02,6.765103745597026569e-04,1.106824942442998123e-02,7.535348593554941398e-04,8.254132899024693160e-01,5.281344968226369405e-04,2.991462578244400458e-04
3.400000000000000000e+02,1.250293722803648704e-15,4.675241064692407774e-15,9.999993839182612643e-01,4.626073885983793110e-15,9.999999999999293898e-01,9.999999999999293898e-01,9.548640104200231755e-13,9.999999999999293898e-01,7.357512622183164878e-04,3.170565594183978684e-03,9.971609562205493438e-01,3.159030492778888179e-03,1.098950490582732177e-02,1.076339301000824207e-02,6.407524348673670177e-04,1.075800635681553249e-02,6.807217856656323958e-04,8.257450845523457428e-01,4.771025496907033560e-04,2.702383501879044550e-04
3.450000000000000000e+02,7.442268371405608962e-16,2.782897975879959242e-15,9.999993841386721760e-01,2.753631625714363092e-15,9.999999999999293898e-01,9.999999999999293898e-01,9.548640038488602016e-13,9.999999999999293898e-01,6.749564570418059789e-04,2.908583145092968631e-03,9.973954749737687919e-01,2.898001184074614801e-03,1.068295354898570436e-02,1.046992143703073114e-02,6.068845331093786081e-04,1.046483198219861493e-02,6.149448699845910674e-04,8.260494537923434022e-01,4.310019906122993590e-04,2.441239534657242954e-04
3.500000000000000000e+02,4.429947739625866291e-16,1.656496646267869484e-15,9.999993843506266300e-01,1.639076097143185112e-15,9.999999999999293898e-01,9.999999999999293898e-01,9.548639978188577273e-13,9.999999999999293898e-01,6.191851000416621984e-04,2.668248191249369006e-03,9.976106155449255830e-01,2.658540613044245611e-03,1.039323097230972562e-02,1.019271121819028715e-02,5.748067685802236331e-04,1.018790474745825785e-02,5.555241889790427578e-04,8.263286592882799209e-01,3.893562845840110235e-04,2.205331172450952218e-04
3.550000000000000000e+02,2.636889184380483557e-16,9.860157155883681382e-16,9.999993845539777437e-01,9.756462800390609080e-16,9.999999999999293898e-01,9.999999999999293898e-01,9.548639921633598616e-13,9.999999999999293898e-01,5.680221058909836482e-04,2.447772009583702724e-03,9.978079791447340696e-01,2.438866564322188842e-03,1.011952257613458160e-02,9.930990279565480791e-03,5.444245209715559922e-04,9.926453455773953313e-03,5.018455216536845537e-04,8.265847773055835512e-01,3.517349453757737348e-04,1.992219777113965126e-04
3.600000000000000000e+02,1.569586139472169950e-16,5.869175730465236466e-16,9.999993847486634557e-01,5.807452536298583445e-16,9.999999999999293898e-01,9.999999999999293898e-01,9.548639867992478778e-13,9.999999999999293898e-01,5.210866875819808583e-04,2.245513678431833478e-03,9.979890346765620812e-01,2.237344086219424880e-03,9.861063474697437381e-03,9.684034584834745954e-03,5.156481712691200411e-04,9.679754906572069634e-03,4.533540005080144712e-04,8.268197137051612744e-01,3.177490857688661675e-04,1.799702367776208930e-04
3.650000000000000000e+02,9.342829663894183719e-17,3.493577557689046284e-16,9.999993849346929808e-01,3.456837344781415385e-16,9.999999999999293898e-01,9.999999999999293898e-01,9.548639816850328923e-13,9.999999999999293898e-01,4.780295223708691489e-04,2.059967864769410816e-03,9.981551296689415986e-01,2.052473322390322309e-03,9.617136147266273916e-03,9.451165832951368556e-03,4.883928374020802231e-04,9.447131594080442063e-03,4.095483761628182636e-04,8.270352177613417011e-01,2.870473977718005962e-04,1.625788848169402306e-04
3.700000000000000000e+02,5.561240885950727035e-17,2.079522698261604650e-16,9.999993851121344868e-01,2.057653395113522062e-16,9.999999999999293898e-01,9.999999999999293898e-01,9.548639767998837267e-13,9.999999999999293898e-01,4.385301518994756545e-04,1.889753620581858780e-03,9.983075003047050533e-01,1.882878348963450306e-03,9.387068155843256850e-03,9.231749197865355208e-03,4.625781238649929713e-04,9.227949447628346763e-03,3.699758361832970093e-04,8.272328948884056787e-01,2.593125212675257123e-04,1.468681434580301813e-04
3.750000000000000000e+02,3.310281927871522050e-17,1.237818419994028229e-16,9.999993852811068784e-01,1.224800900977868072e-16,9.999999999999293898e-01,9.999999999999293898e-01,9.548639721331623455e-13,9.999999999999293898e-01,4.022945971436853369e-04,1.733604104985391825e-03,9.984472806214411689e-01,1.727296934055407365e-03,9.170229912875737036e-03,9.025191093054735908e-03,4.381278845738617654e-04,9.021615596449563540e-03,3.342273245516364172e-04,8.274142183569528353e-01,2.342577635593845334e-04,1.326756071775507908e-04
3.800000000000000000e+02,1.970417514133612095e-17,7.368010179246356909e-17,9.999993854417699168e-01,7.290524490658652182e-17,9.999999999999293898e-01,9.999999999999293898e-01,9.548639676782414083e-13,9.999999999999293898e-01,3.690531704376366520e-04,1.590357155604675988e-03,9.985755109517097106e-01,1.584571143451568012e-03,8.966032482192657846e-03,8.830936943479666956e-03,4.149699982567850182e-04,8.827576141600667128e-03,3.019333134147980180e-04,8.275805400761688801e-01,2.116241359095705362e-04,1.198545644791651466e-04
3.850000000000000000e+02,1.172874475528788482e-17,4.385746174446247151e-17,9.999993855943155596e-01,4.339623469125319697e-17,9.999999999999293898e-01,9.999999999999293898e-01,9.548639634304785255e-13,9.999999999999293898e-01,3.385584682894101044e-04,1.458946639033432751e-03,9.986931456658412198e-01,1.453638722535282191e-03,8.773925396366850926e-03,8.648468947717867158e-03,3.930361557166540715e-04,8.645313917757548733e-03,2.727599834067829490e-04,8.277331005130048602e-01,1.911776764398166251e-04,1.082724813048530787e-04
3.900000000000000000e+02,6.981436804534044365e-18,2.610578573961468682e-17,9.999993857389632979e-01,2.583124421008854130e-17,9.999999999999293898e-01,9.999999999999293898e-01,9.548639593856063256e-13,9.999999999999293898e-01,3.105835300494742194e-04,1.338394516002696212e-03,9.988010602749651801e-01,1.333525190324530993e-03,8.593394473936921685e-03,8.477303813547002603e-03,3.722616583383964715e-04,8.474346228169135284e-03,2.464057730666731729e-04,8.278730378145225943e-01,1.727070317235901702e-04,9.780963100129753008e-05
3.950000000000000000e+02,4.155641620023933548e-18,1.553924969606251352e-17,9.999993858759547161e-01,1.537583115651590133e-17,9.999999999999293898e-01,9.999999999999293898e-01,9.548639555391308511e-13,9.999999999999293898e-01,2.849201487275575349e-04,1.227803562200772232e-03,9.989000579471106755e-01,1.223336586774855048e-03,8.423959620471105011e-03,8.316990451191053069e-03,3.525852272464055984e-04,8.314222537005715521e-03,2.225982616880419623e-04,8.280013961950247747e-01,1.560212720726992792e-04,8.835785667906080078e-05
4.000000000000000000e+02,2.473610770617463532e-18,9.249607865668778786e-18,9.999993860055451655e-01,9.152334352572921924e-18,9.999999999999293898e-01,9.999999999999293898e-01,9.548639518862095815e-13,9.999999999999293898e-01,2.613773213859793814e-04,1.126350690568629761e-03,9.989908754848831896e-01,1.122252819369496746e-03,8.265172598385056232e-03,8.167107609930279732e-03,3.339488225492356281e-04,8.164522104832806076e-03,2.010913533811609522e-04,8.281191336452603524e-01,1.409479179365277508e-04,7.981945317084097045e-05
4.050000000000000000e+02,1.472396035075508181e-18,5.505751393539789022e-18,9.999993861280017660e-01,5.447850151879083340e-18,9.999999999999293898e-01,9.999999999999293898e-01,9.548639484215379384e-13,9.999999999999293898e-01,2.397798275763070937e-04,1.033280825371129001e-03,9.990741888092069534e-01,1.029521559477871839e-03,8.116614751815992568e-03,8.027261445881873902e-03,3.162974721383748347e-04,8.024851555061360969e-03,1.816627332424069195e-04,8.282271290168456979e-01,1.273311570140887470e-04,7.210615703139456462e-05
4.100000000000000000e+02,8.764313730600022036e-19,3.277252273578718588e-18,9.999993862435991865e-01,3.242787045797618741e-18,9.999999999999293898e-01,9.999999999999293898e-01,9.548639451393565556e-13,9.999999999999293898e-01,2.199669252391676857e-04,9.479012824510604958e-04,9.991506179899627416e-01,9.444526430552698708e-04,7.977894674786155035e-03,7.897083011592323509e-03,2.995791095361184696e-04,7.894842362072803169e-03,1.641115693375041584e-04,8.283261885311682393e-01,1.150302336502562081e-04,6.513823413856461436e-05
4.150000000000000000e+02,5.216884135699150780e-19,1.950756889837897885e-18,9.999993863526189797e-01,1.930241752476929620e-18,9.999999999999293898e-01,9.999999999999293898e-01,9.548639420337915621e-13,9.999999999999293898e-01,2.017911543612875796e-04,8.695766138403293122e-04,9.992207318609200861e-01,8.664129340103029087e-04,7.848645813442791871e-03,7.776225661733231903e-03,2.837444203142188131e-04,7.774148255382994956e-03,1.482564367458028378e-04,8.284170517583876459e-01,1.039179938682209320e-04,5.884365546376492189e-05
4.200000000000000000e+02,3.105306464596582549e-19,1.161171654050851327e-18,9.999993864553432532e-01,1.148960190844079498e-18,9.999999999999293898e-01,9.999999999999293898e-01,9.548639390984660337e-13,9.999999999999293898e-01,1.851172394858316341e-04,7.977238783586662564e-04,9.992850522533708313e-01,7.948216120100482429e-04,7.728523996422177571e-03,7.664362373743661971e-03,2.687466966303054075e-04,7.662442538777846333e-03,1.339334422078995908e-04,8.285003971087298025e-01,9.387957099889452934e-05,5.315735249169390044e-05
4.250000000000000000e+02,1.848407591252336107e-19,6.911776742642632594e-19,9.999993865520518943e-01,6.839089033542753620e-19,9.999999999999293898e-01,9.999999999999293898e-01,9.548639363268651151e-13,9.999999999999293898e-01,1.698210829078291607e-04,7.318083030007061472e-04,9.993440578799064333e-01,7.291458496518007926e-04,7.617204891416795229e-03,7.561182987767708398e-03,2.545416994529935183e-04,7.559415328876063420e-03,1.209945299922679144e-04,8.285768468750615012e-01,8.481119832119130887e-05,4.802054459240074778e-05
4.300000000000000000e+02,1.100249093729895015e-19,4.114177053288619856e-19,9.999993866430233469e-01,4.070910304943020978e-19,9.999999999999293898e-01,9.999999999999293898e-01,9.548639337123271349e-13,9.999999999999293898e-01,1.557888410614239499e-04,6.713393028207520529e-04,9.993981878973193789e-01,6.688968468282216820e-04,7.514381390882475358e-03,7.466391376710502376e-03,2.410875280692879137e-04,7.464770724066126413e-03,1.093059514696099121e-04,8.286469718627572645e-01,7.661913643993792660e-05,4.338013139260736019e-05
4.350000000000000000e+02,6.549140319474545982e-20,2.448929335556676665e-19,9.999993867285333904e-01,2.423175166990086504e-19,9.999999999999293898e-01,9.999999999999293898e-01,9.548639312482984637e-13,9.999999999999293898e-01,1.429160772248417135e-04,6.158668296927187870e-04,9.994478451750534731e-01,6.136261927711764456e-04,7.419760935514599885e-03,7.379702564630757217e-03,2.283444964893593715e-04,7.378223922175037447e-03,9.874688257572462717e-05,8.287112956401024855e-01,6.921870431411408385e-05,3.918814386510318499e-05
4.400000000000000000e+02,3.898320768409829761e-20,1.457704618180558398e-19,9.999993868088510318e-01,1.442374665637292262e-19,9.999999999999293898e-01,9.999999999999293898e-01,9.548639289280568455e-13,9.999999999999293898e-01,1.311069842369763996e-04,5.649780227704494229e-04,9.994933992936352318e-01,5.629225286982809983e-04,7.333062790620395108e-03,7.300839819875883270e-03,2.162750163841251885e-04,7.299498313426786879e-03,8.920817487225036460e-05,8.287702984398613859e-01,6.253340391949692239e-05,3.540124846200540725e-05
4.450000000000000000e+02,2.320442695171631332e-20,8.676864305729330565e-20,9.999993868842405043e-01,8.585614050620432842e-20,9.999999999999293898e-01,9.999999999999293898e-01,9.548639267450880310e-13,9.999999999999293898e-01,1.202736714405633106e-04,5.182941357190284449e-04,9.995351892953125983e-01,5.164084862235232424e-04,7.254015297713164827e-03,7.229531758112460807e-03,2.048434862103388533e-04,7.228322584002733024e-03,8.059122729553836286e-05,8.288244207402817310e-01,5.649412949762183889e-05,3.198029916600511521e-05
4.500000000000000000e+02,1.381224024854376121e-20,5.164830600291176745e-20,9.999993869549563819e-01,5.110514652182455675e-20,9.999999999999293898e-01,9.999999999999293898e-01,9.548639246927095478e-13,9.999999999999293898e-01,1.103355105449275894e-04,4.754677178476362934e-04,9.995735262074189054e-01,4.737378787456666268e-04,7.182353131371778734e-03,7.165509499362634170e-03,1.940161861961316539e-04,7.164427874473327205e-03,7.280696693137170240e-05,8.288740665515590411e-01,5.103845321729770431e-05,2.888993282905590642e-05
4.550000000000000000e+02,8.221619999694252573e-21,3.074322035097241716e-20,9.999993870212475766e-01,3.041990923014931716e-20,9.999999999999293898e-01,9.999999999999293898e-01,9.548639227646862396e-13,9.999999999999293898e-01,1.012185355398079265e-04,4.361800281641499822e-04,9.996086953572353995e-01,4.345931249110073099e-04,7.117814599359542985e-03,7.108503931840717827e-03,1.837611788772473289e-04,7.107545046044952408e-03,6.577492828016528439e-05,8.289196064317163604e-01,4.610997986475141950e-05,2.609820361543237934e-05
4.600000000000000000e+02,4.893850252818195615e-21,1.829964370083328195e-20,9.999993870833536747e-01,1.810719546992585788e-20,9.999999999999293898e-01,9.999999999999293898e-01,9.548639209545810011e-13,9.999999999999293898e-01,9.285489219403737489e-05,4.001386631052942220e-04,9.996409584955756600e-01,3.986828849742724413e-04,7.060139031788841522e-03,7.058243143186415484e-03,1.740482148905803442e-04,7.057402115345471835e-03,5.942242149531959844e-05,8.289613802539885778e-01,4.165776389199731683e-05,2.357625277031733782e-05
4.650000000000000000e+02,2.913023261304700631e-21,1.089270921484507076e-20,9.999993871415057134e-01,1.077815602002761780e-20,9.999999999999293898e-01,9.999999999999293898e-01,9.548639192565137012e-13,9.999999999999293898e-01,8.518233304191012928e-05,3.670753802864101822e-04,9.996705557448989365e-01,3.657398924659866000e-04,7.009064312249215813e-03,7.014450085888620200e-03,1.648486437471300293e-04,7.013721924634587317e-03,5.368378099706187030e-05,8.289996997459837536e-01,3.763578279759656773e-05,2.129801030024178443e-05
4.700000000000000000e+02,1.733952631796277024e-21,6.483793673740820836e-21,9.999993871959261815e-01,6.415606844906571015e-21,9.999999999999293898e-01,9.999999999999293898e-01,9.548639176644000386e-13,9.999999999999293898e-01,7.814375409860009299e-05,3.367441020738230133e-04,9.996977073864463659e-01,3.355189650282166614e-04,6.964324609685325698e-03,6.976840547495402958e-03,1.561353293211827727e-04,6.976220118076238014e-03,4.849968669491100111e-05,8.290348508193231547e-01,3.400246139625819964e-05,1.923992548158319130e-05
4.750000000000000000e+02,1.032120742729049501e-21,3.859423729052565625e-21,9.999993872468261324e-01,3.818836090021041828e-21,9.999999999999293898e-01,9.999999999999293898e-01,9.548639161726040377e-13,9.999999999999293898e-01,7.168676985658628087e-05,3.089190841211628363e-04,9.997226154997238545e-01,3.077951796140882272e-04,6.925648373748809206e-03,6.945121496806876300e-03,1.478825698064374443e-04,6.944603495248138220e-03,4.381655080242317761e-05,8.290670957069071756e-01,3.072024205975503629e-05,1.738072341132797517e-05
4.800000000000000000e+02,6.143612055273096795e-22,2.297289561916622105e-21,9.999993872944109574e-01,2.273130108765993600e-21,9.999999999999293898e-01,9.999999999999293898e-01,9.548639147755999865e-13,9.999999999999293898e-01,6.576332339993404361e-05,2.833932352387195106e-04,9.997454654664879037e-01,2.823621984697687547e-04,6.892756657660994123e-03,6.918989873920008797e-03,1.400660219029647362e-04,6.918568809659412372e-03,3.958596390586981639e-05,8.290966749236017286e-01,2.775519648681792974e-05,1.570118508350919884e-05
4.850000000000000000e+02,3.656933499624816415e-22,1.367442319470595651e-21,9.999993873388757226e-01,1.353061605983246665e-21,9.999999999999293898e-01,9.999999999999293898e-01,9.548639134680518027e-13,9.999999999999293898e-01,6.032932873466574804e-05,2.599765760912609914e-04,9.997664273504892618e-01,2.590307334398295864e-04,6.865361830663007509e-03,6.898131884180337507e-03,1.326626290113748312e-04,6.897802072150548310e-03,3.576419456099251879e-05,8.291238090648723746e-01,2.507667498894378558e-05,1.418394871792054806e-05
4.900000000000000000e+02,2.176758975826569789e-22,8.139585582968827012e-22,9.999993873804045030e-01,8.053985574612366543e-22,9.999999999999293898e-01,9.999999999999293898e-01,9.548639122449196622e-13,9.999999999999293898e-01,5.534434267321431181e-05,2.384948252529806273e-04,9.997856571631767997e-01,2.376271371663783195e-04,6.843166736369826579e-03,6.882222843520464754e-03,1.256505532223893583e-04,6.881978406388719084e-03,3.231173724526820076e-05,8.291487004566643337e-01,2.265698966684595263e-05,1.281333028739649704e-05
4.950000000000000000e+02,1.295697522690182994e-22,4.845019982310734556e-22,9.999993874191739351e-01,4.794067277124171424e-22,9.999999999999293898e-01,9.999999999999293898e-01,9.548639111012322016e-13,9.999999999999293898e-01,5.077126383092248735e-05,2.187881020961014364e-04,9.998032980248466872e-01,2.179921106968003819e-04,6.825864343472587241e-03,6.870927605429911697e-03,1.190091109011993280e-04,6.870762486357201784e-03,2.919290399296323372e-05,8.291715346687924537e-01,2.047112820259299929e-05,1.157516138840904731e-05
5.000000000000000000e+02,7.712530928467722060e-23,2.883957479949465703e-22,9.999993874553527728e-01,2.853628290967143759e-22,9.999999999999293898e-01,9.999999999999293898e-01,9.548639100325297943e-13,9.999999999999293898e-01,4.657605649432918946e-05,2.007097368592314335e-04,9.998194812298316636e-01,1.999795178813008900e-04,6.813137921234148353e-03,6.863901578459007634e-03,1.127187116766109403e-04,6.863809564329889472e-03,2.637545549178316385e-05,8.291924819030979110e-01,1.849649530894954615e-05,1.045664277901267356e-05
5.050000000000000000e+02,4.590819508517299823e-23,1.716651498077700350e-22,9.999993874891000001e-01,1.698598282948014730e-22,9.999999999999293898e-01,9.999999999999293898e-01,9.548639090342189224e-13,9.999999999999293898e-01,4.272749730609813617e-05,1.841251790392480435e-04,9.998343272236617230e-01,1.834552977362616276e-04,6.804661754445577235e-03,6.860792318738595519e-03,1.067608006550043332e-04,6.860767073357881655e-03,2.383026782783190389e-05,8.292116982666859482e-01,1.671267916332011831e-05,9.446212070126173423e-06
5.100000000000000000e+02,2.732647005410086004e-23,1.021822417684773335e-22,9.999993875205670513e-01,1.011076372228479096e-22,9.999999999999293898e-01,9.999999999999293898e-01,9.548639081021715587e-13,9.999999999999293898e-01,3.919694288126138496e-05,1.689109959822849346e-04,9.998479464995104760e-01,1.682964666785374103e-04,6.800102391709901203e-03,6.861241655970024521e-03,1.011178036886593119e-04,6.861276762254689410e-03,2.153103143407867885e-05,8.292293269397293942e-01,1.510124041195497342e-05,8.533424202445881346e-06
5.150000000000000000e+02,1.626585433968117848e-23,6.082312435321542732e-23,9.999993875498953688e-01,6.018347294493236508e-23,9.999999999999293898e-01,9.999999999999293898e-01,9.548639072323188471e-13,9.999999999999293898e-01,3.595811662524863312e-05,1.549539542207902117e-04,9.998604404205504448e-01,1.543902032047801145e-04,6.799120398235330640e-03,6.864888285522049993e-03,9.577307553703698578e-05,6.864977295269872326e-03,1.945397913042441168e-05,8.292454992465592145e-01,1.364552156339292209e-05,7.708843473457967249e-06
5.200000000000000000e+02,9.682115905285003970e-24,3.620445709180807481e-23,9.999993875772209551e-01,3.582370788523061905e-23,9.999999999999293898e-01,9.999999999999293898e-01,9.548639064207654050e-13,9.999999999999293898e-01,3.298691316698462727e-05,1.421501767190171996e-04,9.998719019743564917e-01,1.416330082030261802e-04,6.801372561222871968e-03,6.871370735657406428e-03,9.071085076796050637e-05,6.871507225083851519e-03,1.757764044410414336e-05,8.292603356380279234e-01,1.233047480082521677e-05,6.963945998386641457e-06
5.250000000000000000e+02,5.763200899851631215e-24,2.155040217946597247e-23,9.999993876026722628e-01,2.132376233383343785e-23,9.999999999999293898e-01,9.999999999999293898e-01,9.548639056640771000e-13,9.999999999999293898e-01,3.026121895166600579e-05,1.304043697552615994e-04,9.998824164649814383e-01,1.299299346476755885e-04,6.806514474100857151e-03,6.880330599468147471e-03,8.591619725410228894e-05,6.880508228404313281e-03,1.588261967096365560e-05,8.292739465924743314e-01,1.114250643356477317e-05,6.291031596831493537e-06
5.300000000000000000e+02,3.430499658356670959e-24,1.282769907402204622e-23,9.999993876263691961e-01,1.269279153104415370e-23,9.999999999999293898e-01,9.999999999999293898e-01,9.548639049586956015e-13,9.999999999999293898e-01,2.776074765786812703e-05,1.196291136864414213e-04,9.998920621478423199e-01,1.191938809444038054e-04,6.814203407010079733e-03,6.891415907531578226e-03,8.137497212747150889e-05,6.891628479993923417e-03,1.435139538340394177e-05,8.292864334420373407e-01,1.006933637969230229e-05,5.683144194222972814e-06
5.350000000000000000e+02,2.041978837056004755e-24,7.635583313550565049e-24,9.999993876484253308e-01,7.555278653197373695e-24,9.999999999999293898e-01,9.999999999999293898e-01,9.548639043014913152e-13,9.999999999999293898e-01,2.546688921403811575e-05,1.097442123163670953e-04,9.999009108121433842e-01,1.093449426655496658e-04,6.824101356657837764e-03,6.904284510843239353e-03,7.707378006194275967e-05,6.904526034638429517e-03,1.296813931252318585e-05,8.292978891304857436e-01,9.099871227361028974e-06,5.133999915263837320e-06
5.400000000000000000e+02,1.215473480594956199e-24,4.545020016375473890e-24,9.999993876689476924e-01,4.497217263233267703e-24,9.999999999999293898e-01,9.999999999999293898e-01,9.548639036891827817e-13,9.999999999999293898e-01,2.336257129070047378e-05,1.006760960254855737e-04,9.999090283151814695e-01,1.003098178513809837e-04,6.835878160181278924e-03,6.918607344839869562e-03,7.299993376084326125e-05,6.918872087959005053e-03,1.171855273229181807e-05,8.293083989082294938e-01,8.224089562627408102e-06,4.637922126052828702e-06
5.450000000000000000e+02,7.235031091445177058e-25,2.705388171800598019e-24,9.999993876880377552e-01,2.676931905887557273e-24,9.999999999999293898e-01,9.999999999999293898e-01,9.548639031190679316e-13,9.999999999999293898e-01,2.143213223750141313e-05,9.235727421974640776e-05,9.999164750724933715e-01,9.202126145105570280e-05,6.849214555750035571e-03,6.934071454180523036e-03,6.914141653302487633e-05,6.934353995958215076e-03,1.058971865447521992e-05,8.293180409697433753e-01,7.432938378447842099e-06,4.189782753402661366e-06
5.500000000000000000e+02,4.306618777203873666e-25,1.610362884404881649e-24,9.999993877057895553e-01,1.593422377872525376e-24,9.999999999999293898e-01,9.999999999999293898e-01,9.548639025884263179e-13,9.999999999999293898e-01,1.966120451940944798e-05,8.472583302338348098e-05,9.999233065075029403e-01,8.441758484288754008e-05,6.863805077470309414e-03,6.950382673592090700e-03,6.548684684703392003e-05,6.950677948936829012e-03,9.569968306460749369e-06,8.293268870381268476e-01,6.718239494031607685e-06,3.784949274756636514e-06
5.550000000000000000e+02,2.563505943845791549e-25,9.585584196142559056e-25,9.999993877222932426e-01,9.484724787955911525e-25,9.999999999999293898e-01,9.999999999999293898e-01,9.548639020946546242e-13,9.999999999999293898e-01,1.803660778453248525e-05,7.772497447712131376e-05,9.999295734640230027e-01,7.744219670903421517e-05,6.879360683289991590e-03,6.967267881093132560e-03,6.202544475882143635e-05,6.967571216506825149e-03,8.648760511785765046e-06,8.293350029012258595e-01,6.072605017216095875e-06,3.419236830726430490e-06
5.600000000000000000e+02,1.525932670977942986e-25,5.705772866007303414e-25,9.999993877376289753e-01,5.645714684083539003e-25,9.999999999999293898e-01,9.999999999999293898e-01,9.548639016352943305e-13,9.999999999999293898e-01,1.654625076769346260e-05,7.130259381223025218e-05,9.999353225846653315e-01,7.104318184750864004e-05,6.895611031058703627e-03,6.984476764460427131e-03,5.874700011396565230e-05,6.984783905021844409e-03,7.816572726536319453e-06,8.293424489032987790e-01,5.489360976006895922e-06,3.088864965227557146e-06
5.650000000000000000e+02,9.083258955457489094e-26,3.396347759408602059e-25,9.999993877518797980e-01,3.360576164333930676e-25,9.999999999999293898e-01,9.999999999999293898e-01,9.548639012080840188e-13,9.999999999999293898e-01,1.517904129967161905e-05,6.541089165424437534e-05,9.999405966579820726e-01,6.517291478677022479e-05,6.912306338246011067e-03,7.001783067877661096e-03,5.564184243061152111e-05,7.002090194830584702e-03,7.064802605271488167e-06,8.293492803959283677e-01,4.962478329869026136e-06,2.790418546025187942e-06
5.700000000000000000e+02,5.407006503283186601e-26,2.021681862472387094e-25,9.999993877651162100e-01,2.000366653876493461e-25,9.999999999999293898e-01,9.999999999999293898e-01,9.548639008109329175e-13,9.999999999999293898e-01,1.392480375234004489e-05,6.000601827011523953e-05,9.999454349369256700e-01,5.978770532717302567e-05,6.929218783389017727e-03,7.018985311325586993e-03,5.270081237429297821e-05,7.019289050353778175e-03,6.385679078970822822e-06,8.293555481515553218e-01,4.486510647639027413e-06,2.520812461717101758e-06
5.750000000000000000e+02,3.218765285105440800e-26,1.203423533894883497e-25,9.999993877774072670e-01,1.190713367602033616e-25,9.999999999999293898e-01,9.999999999999293898e-01,9.548639004417696418e-13,9.999999999999293898e-01,1.277420330527580583e-05,5.504774721106797279e-05,9.999498734309951731e-01,5.484747337116932156e-05,6.946143430387754190e-03,7.035906998703345475e-03,4.991523474049275598e-05,7.036204419364378189e-03,5.772182025826014561e-06,8.293612987427224637e-01,4.056537807839879402e-06,2.277259730218369777e-06
5.800000000000000000e+02,1.916237954509778395e-26,7.163621370104015585e-26,9.999993877888190275e-01,7.087740495733530208e-26,9.999999999999293898e-01,9.999999999999293898e-01,9.548639000987697900e-13,9.999999999999293898e-01,1.171867647018700932e-05,5.049917592220568225e-05,9.999539451742416318e-01,5.031545062215160140e-05,6.962898678674320219e-03,7.052396350569932297e-03,4.727689286525049082e-05,7.052684957676611660e-03,5.217969704522123029e-06,8.293665748898868539e-01,3.668115139433302717e-06,2.057242689077723033e-06
5.850000000000000000e+02,1.140919505468539658e-26,4.264429319157190467e-26,9.999993877994113323e-01,4.219037186212982139e-26,9.999999999999293898e-01,9.999999999999293898e-01,9.548638997801798442e-13,9.999999999999293898e-01,1.075036735607596888e-05,4.632645109061140070e-05,9.999576804711228784e-01,4.615790693178842979e-05,6.979326261706083993e-03,7.068325612892338745e-03,4.477800438833389103e-05,7.068603330865025174e-03,4.717313199892517608e-06,8.293714157804044085e-01,3.317227477281759388e-06,1.858486969813499473e-06
5.900000000000000000e+02,6.794177147691874919e-27,2.538709606268538486e-26,9.999993878092398036e-01,2.511465638055357320e-26,9.999999999999293898e-01,9.999999999999293898e-01,9.548638994842810217e-13,9.999999999999293898e-01,9.862069200784035787e-06,4.249851668781599835e-05,9.999611071220572134e-01,4.234389925916025733e-05,6.995290832197754646e-03,7.083590003905069696e-03,4.241119829748370986e-05,7.083855155266684939e-03,4.265037203318612494e-06,8.293758573610661156e-01,3.000247657394595023e-06,1.678937987235632471e-06
5.950000000000000000e+02,4.047126538711597229e-27,1.511489446131873890e-26,9.999993878183590645e-01,1.495048018231802091e-26,9.999999999999293898e-01,9.999999999999293898e-01,9.548638992095554783e-13,9.999999999999293898e-01,9.047170733759415853e-06,3.898688283140703436e-05,9.999642506303213496e-01,3.884504137329273626e-05,7.010679184452808625e-03,7.098106367183592419e-03,4.016949318601751174e-05,7.098357646435919134e-03,3.856466515726484938e-06,8.293799326063927557e-01,2.713899022926992879e-06,1.516739700718574721e-06
6.000000000000000000e+02,2.411967771855564792e-27,9.000452776676610835e-27,9.999993878268170766e-01,8.900339690351903809e-27,9.999999999999293898e-01,9.999999999999293898e-01,9.548638989545441369e-13,9.999999999999293898e-01,8.299606970845990034e-06,3.576541374550207963e-05,9.999671343918715705e-01,3.563529258506814600e-05,7.025399171919643332e-03,7.111811600728429675e-03,3.804627665966072423e-05,7.112048044844714034e-03,3.487377720186390366e-06,8.293836717646879686e-01,2.455221553358673514e-06,1.370215427875427588e-06
6.050000000000000000e+02,1.438653282558595748e-27,5.360882757931843330e-27,9.999993878346608023e-01,5.299044397019157064e-27,9.999999999999293898e-01,9.999999999999293898e-01,9.548638987179155517e-13,9.999999999999293898e-01,7.613814074877307464e-06,3.281013324195479513e-05,9.999697798694627826e-01,3.269076393612724139e-05,7.039378381868158403e-03,7.124660929910751374e-03,3.603528583185861223e-05,7.124881886617064064e-03,3.153955524558950500e-06,8.293871025837047384e-01,2.221541266732063696e-06,1.237850512299826675e-06
6.100000000000000000e+02,8.592960381915128878e-28,3.194459308762752582e-27,9.999993878419328741e-01,3.155403638840228760e-27,9.999999999999293898e-01,9.999999999999293898e-01,9.548638984983281797e-13,9.999999999999293898e-01,6.984687946119790276e-06,3.009904627456482537e-05,9.999722067523979518e-01,2.998954040229758088e-05,7.052562629310360834e-03,7.136626087343044336e-03,3.413058885003711763e-05,7.136831182255855971e-03,2.852753322905388334e-06,8.293902505176136142e-01,2.010442578662805322e-06,1.118276666208056076e-06
6.150000000000000000e+02,5.144385327618454685e-28,1.904913979387589098e-27,9.999993878486741483e-01,1.879419498567961376e-27,9.999999999999293898e-01,9.999999999999293898e-01,9.548638982946418201e-13,9.999999999999293898e-01,6.407546234369694157e-06,2.761197523818473390e-05,9.999744331030597788e-01,2.751151778827428757e-05,7.064914329595859549e-03,7.147693455945757814e-03,3.232656739832042103e-05,7.147882559499470559e-03,2.580657567988296063e-06,8.293931389168085477e-01,1.819743332399302533e-06,1.010257826127637274e-06
6.200000000000000000e+02,3.091650252849487708e-28,1.137322983388296104e-27,9.999993878549217063e-01,1.119900671485020515e-27,9.999999999999293898e-01,9.999999999999293898e-01,9.548638981058913616e-13,9.999999999999293898e-01,5.878093489973807613e-06,2.533040979435984620e-05,9.999764754913411657e-01,2.523825309962226561e-05,7.076410804206032489e-03,7.157862223474542769e-03,3.061790012509221467e-05,7.158035418423469576e-03,2.334855586584013878e-06,8.293957892020012990e-01,1.647472241818665917e-06,9.126773754193772860e-07
6.250000000000000000e+02,1.869777182932435474e-28,6.804209181204005125e-28,9.999993878607132958e-01,6.678034832165444850e-28,9.999999999999293898e-01,9.999999999999293898e-01,9.548638979306773018e-13,9.999999999999293898e-01,5.392389194406074168e-06,2.323736910581057381e-05,9.999783491179677908e-01,2.315282727847443471e-05,7.087042567858727049e-03,7.167142588246934280e-03,2.899954694651819164e-05,7.167300138374097483e-03,2.112806504915981643e-06,8.293982210238813879e-01,1.491848514188371939e-06,8.245266015491383854e-07
6.300000000000000000e+02,1.142467725113289965e-28,4.084538272656735525e-28,9.999993878660768942e-01,3.986964424324550520e-28,9.999999999999293898e-01,9.999999999999293898e-01,9.548638977682768675e-13,9.999999999999293898e-01,4.946818432463710475e-06,2.131727545441894432e-05,9.999800679276455995e-01,2.123971928131953478e-05,7.096811637773970532e-03,7.175554047327730930e-03,2.746673417972777956e-05,7.175696367844644138e-03,1.912214983667293315e-06,8.294004524095569542e-01,1.351263442055311923e-06,7.448942687894858653e-07
6.350000000000000000e+02,7.095430869798913129e-29,2.465677246999525787e-28,9.999993878710455864e-01,2.385127490901287960e-28,9.999999999999293898e-01,9.999999999999293898e-01,9.548638976177871474e-13,9.999999999999293898e-01,4.538064987806942829e-06,1.955583830210543808e-05,9.999816447128307972e-01,1.948469056168688267e-05,7.105729898401367921e-03,7.183123790423382588e-03,2.601494046180385700e-05,7.183251420408562002e-03,1.731007491073063359e-06,8.294024998968617668e-01,1.224263773978440216e-06,6.729571985617965203e-07
6.400000000000000000e+02,4.518485248537139475e-29,1.502064040318303719e-28,9.999993878756436860e-01,1.431647626143424566e-28,9.999999999999293898e-01,9.999999999999293898e-01,9.548638974783658148e-13,9.999999999999293898e-01,4.163086661602533289e-06,1.793994793170521621e-05,9.999830912089466839e-01,1.787467909797648332e-05,7.113817547520801844e-03,7.189885215487109085e-03,2.463988341304439305e-05,7.189998792590159699e-03,1.567310868829132225e-06,8.294043786575360233e-01,1.109536692209079745e-06,6.079717600456493476e-07
6.450000000000000000e+02,2.984581794541643295e-29,9.284815777135029032e-29,9.999993878799057212e-01,8.640968530177337491e-29,9.999999999999293898e-01,9.999999999999293898e-01,9.548638973491618591e-13,9.999999999999293898e-01,3.819092630576993066e-06,1.645757787625219600e-05,9.999844181817204580e-01,1.639770217772325633e-05,7.121101642728552145e-03,7.195876575720527163e-03,2.333750700515703532e-05,7.195976813254840836e-03,1.419432969254245590e-06,8.294061026102164114e-01,1.005896242033782110e-06,5.492661830919696911e-07
6.500000000000000000e+02,2.054881240296445394e-29,5.870616241649732972e-29,9.999993878838520089e-01,5.262671228506004020e-29,9.999999999999293898e-01,9.999999999999293898e-01,9.548638972294777506e-13,9.999999999999293898e-01,3.503522675963941054e-06,1.509769541048830980e-05,9.999856355073138969e-01,1.504276721475517569e-05,7.127614761131191926e-03,7.201139762344577720e-03,2.210396959712578543e-05,7.201227428806130509e-03,1.285845163553297664e-06,8.294076845240535567e-01,9.122710725004779136e-07,4.962336139767101652e-07
6.550000000000000000e+02,1.496099479950660301e-29,3.838344398684847511e-29,9.999993878875007569e-01,3.251769071450847155e-29,9.999999999999293898e-01,9.999999999999293898e-01,9.548638971186436264e-13,9.999999999999293898e-01,3.214028128754510718e-06,1.385017943842095772e-05,9.999867522458278923e-01,1.379978993549029826e-05,7.133393779711266064e-03,7.205719223200173808e-03,2.093563260345982172e-05,7.205795124181569623e-03,1.165166540370524232e-06,8.294091361137577723e-01,8.276933618041455363e-07,4.483258422107900746e-07
6.600000000000000000e+02,1.163490639160562108e-29,2.628653275249407688e-29,9.999993878908778333e-01,2.054797324672602326e-29,9.999999999999293898e-01,9.999999999999293898e-01,9.548638970160148674e-13,9.999999999999293898e-01,2.948454389433369427e-06,1.270574516579509077e-05,9.999877767087246294e-01,1.265951932546468671e-05,7.138478779347188531e-03,7.209661013869597332e-03,1.982904976139827552e-05,7.209725976286555232e-03,1.056149631294011782e-06,8.294104681267928658e-01,7.512888128541733072e-07,4.050476335588649077e-07
6.650000000000000000e+02,9.655092314812484684e-30,1.908596293499035056e-29,9.999993878940087733e-01,1.342310757837791800e-29,9.999999999999293898e-01,9.999999999999293898e-01,9.548638969209769445e-13,9.999999999999293898e-01,2.704824892101285243e-06,1.165587499684630450e-05,9.999887165207023143e-01,1.161346877749553078e-05,7.142912071849073091e-03,7.213011975492250420e-03,1.878095696541237620e-05,7.213066834001386797e-03,9.576675157568188137e-07,8.294116904233156395e-01,6.822676156078629887e-07,3.659516106860390708e-07
6.700000000000000000e+02,8.476635821108260152e-30,1.479989808530916560e-29,9.999993878968981287e-01,9.182098685704694560e-30,9.999999999999293898e-01,9.999999999999293898e-01,9.548638968330193322e-13,9.999999999999293898e-01,2.481326393635249501e-06,1.069275514102478095e-05,9.999895786764253502e-01,1.065385292904180997e-05,7.146737346556512015e-03,7.215819031671339215e-03,1.778826263901996468e-05,7.215864617132738794e-03,8.687021720387251626e-07,8.294128120495314338e-01,6.199162827479600241e-07,3.306336285125573927e-07
6.750000000000000000e+02,7.775179859093511115e-30,1.224866678728496178e-29,9.999993878995737662e-01,6.657680788483661785e-30,9.999999999999293898e-01,9.999999999999293898e-01,9.548638967515705166e-13,9.999999999999293898e-01,2.276295478398879702e-06,9.809217457878322496e-06,9.999903695925973501e-01,9.773529718666091587e-06,7.149998930951314592e-03,7.218128595717014651e-03,1.684803861551188264e-05,7.218165725538960853e-03,7.883339539535084414e-07,8.294138413049574332e-01,5.635902743097915744e-07,2.987285964704608574e-07
6.800000000000000000e+02,7.357653679614654920e-30,1.073007961696524521e-29,9.999993879020484533e-01,5.155048769911195193e-30,9.999999999999293898e-01,9.999999999999293898e-01,9.548638966762778958e-13,9.999999999999293898e-01,2.088206178062712561e-06,8.998686107266757383e-06,9.999910951557128280e-01,8.965947230345355247e-06,7.152741158270916125e-03,7.219986078829820561e-03,1.595751150069052741e-05,7.220015549025717017e-03,7.157320844427275050e-07,8.294147858041406307e-01,5.127073350189472906e-07,2.699067044758841477e-07
6.850000000000000000e+02,7.109133597893060661e-30,9.757070340972884041e-30,9.999993879043403977e-01,4.234847951665576940e-30,9.999999999999293898e-01,9.999999999999293898e-01,9.548638966065808610e-13,9.999999999999293898e-01,1.915658614393275006e-06,8.255128607846218175e-06,9.999917607658633800e-01,8.225094930013575673e-06,7.155007834168516066e-03,7.221435489592148080e-03,1.511405449214358854e-05,7.221458068378235409e-03,6.501460678087106972e-07,8.294156525332447849e-01,4.667414754676687140e-07,2.438700136040082562e-07
6.900000000000000000e+02,6.961212308798440423e-30,8.989977390967106661e-30,9.999993879064569269e-01,3.623797709292176736e-30,9.999999999999293898e-01,9.999999999999293898e-01,9.548638965421152993e-13,9.999999999999293898e-01,1.757368580483608012e-06,7.573010939569246943e-06,9.999923713769400813e-01,7.545458931407196057e-06,7.156841793955095836e-03,7.222519115208170422e-03,1.431517963092200868e-05,7.222535537974333029e-03,5.908979318153679335e-07,8.294164479019768832e-01,4.252175349134305299e-07,2.203493762236582001e-07
6.950000000000000000e+02,6.873170987710115720e-30,8.533380386408340254e-30,9.999993879084094761e-01,3.260080033385264908e-30,9.999999999999293898e-01,9.999999999999293898e-01,9.548638964824809489e-13,9.999999999999293898e-01,1.612157982882097613e-06,6.947256356045829601e-06,9.999929315334890045e-01,6.921980958274313872e-06,7.158284541788378919e-03,7.223277275235069281e-03,1.355853046276667878e-05,7.223288240727727266e-03,5.373752194637069492e-07,8.294171777911965027e-01,3.877062694954260114e-07,1.991016537542918296e-07
7.000000000000000000e+02,6.820772141950433443e-30,8.261602826105541778e-30,9.999993879102215821e-01,3.043584644392701773e-30,9.999999999999293898e-01,9.999999999999293898e-01,9.548638964273462107e-13,9.999999999999293898e-01,1.478946073484046388e-06,6.373207600220972116e-06,9.999934454045488197e-01,6.350020697518593580e-06,7.159375963264070011e-03,7.223748139009869909e-03,1.284187508723671243e-05,7.223754306575290961e-03,4.890246579982742531e-07,8.294178475966161868e-01,3.538199150958686553e-07,1.799072032846488558e-07
7.050000000000000000e+02,6.789588649972100851e-30,8.099836877880424781e-30,9.999993879118925788e-01,2.914721762803006425e-30,9.999999999999293898e-01,9.999999999999293898e-01,9.548638963762841657e-13,9.999999999999293898e-01,1.356741405928235057e-06,5.846592242154239278e-06,9.999939168146673163e-01,5.825321263086400427e-06,7.160154103147260002e-03,7.223967598543202390e-03,1.216309957423627222e-05,7.223969586290238803e-03,4.453464397012918237e-07,8.294184622688585140e-01,3.232081789794186402e-07,1.625676070716789794e-07
7.100000000000000000e+02,6.771032928190672036e-30,8.003553853881575640e-30,9.999993879134334573e-01,2.838021094932361933e-30,9.999999999999293898e-01,9.999999999999293898e-01,9.548638963291647591e-13,9.999999999999293898e-01,1.244634456632862320e-06,5.363490880923606773e-06,9.999943492723729621e-01,5.343977513557877979e-06,7.160655000398851236e-03,7.223969189278636391e-03,1.152020172852024400e-05,7.223967573031593072e-03,4.058890553551784412e-07,8.294190263502174698e-01,2.955546187762930891e-07,1.469036214490296136e-07
7.150000000000000000e+02,6.759993326104604355e-30,7.946248469210120380e-30,9.999993879148604270e-01,2.792369267048899754e-30,9.999999999999293898e-01,9.999999999999293898e-01,9.548638962855420890e-13,9.999999999999293898e-01,1.141790855552114485e-06,4.920307973991907924e-06,9.999947459962876817e-01,4.902406987641662079e-06,7.160912573157512950e-03,7.223784051770751335e-03,1.091128518378619753e-05,7.223779364694258784e-03,3.702446269671337597e-07,8.294195440083723669e-01,2.705733713785887536e-07,1.327533239424938562e-07
7.200000000000000000e+02,6.753427210540340695e-30,7.912143715047408859e-30,9.999993879161800381e-01,2.765198740109774601e-30,9.999999999999293898e-01,9.999999999999293898e-01,9.548638962453246726e-13,9.999999999999293898e-01,1.047445176272333265e-06,4.513745076930069401e-06,9.999951099390785858e-01,4.497323241256831445e-06,7.160958546893660820e-03,7.223440927990628160e-03,1.033455380893159167e-05,7.223433660780523638e-03,3.380446915102579923e-07,8.294200190673248763e-01,2.480061979363887068e-07,1.199704394387082602e-07
7.250000000000000000e+02,6.749523511050800273e-30,7.891848495883158573e-30,9.999993879173985079e-01,2.749028810141165005e-30,9.999999999999293898e-01,9.999999999999293898e-01,9.548638962081061899e-13,9.999999999999293898e-01,9.608952392298319837e-07,4.140776294330368262e-06,9.999954438094353915e-01,4.125711387760292603e-06,7.160822419530842205e-03,7.222966186606417753e-03,9.788306409976516977e-06,7.222956788151402643e-03,3.089563920978309519e-07,8.294204550357686667e-01,2.276198144077205628e-07,1.084228281043217447e-07
7.300000000000000000e+02,6.747204232270335668e-30,7.879772874758519826e-30,9.999993879185232748e-01,2.739406667838847901e-30,9.999999999999293898e-01,9.999999999999293898e-01,9.548638961737414398e-13,9.999999999999293898e-01,8.814968856513163250e-07,3.798625759199921682e-06,9.999957500922312947e-01,3.784805659274354445e-06,7.160531457909099888e-03,7.222383872196517889e-03,9.270931712023894254e-06,7.222372750625928942e-03,2.826790372189916747e-07,8.294208551331113677e-01,2.092034800682236250e-07,9.799111942489465116e-08
7.350000000000000000e+02,6.745827733491844565e-30,7.872589519902725924e-30,9.999993879195639979e-01,2.733681831657419698e-30,9.999999999999293898e-01,9.999999999999293898e-01,9.548638961419519357e-13,9.999999999999293898e-01,8.086591833213510030e-07,3.484746973222009345e-06,9.999960310670137353e-01,3.472068822112071303e-06,7.160110720529734747e-03,7.221715773924481871e-03,8.780903606455616294e-06,7.221703297967447914e-03,2.589409924686857891e-07,8.294212223133594630e-01,1.925668190528833489e-07,8.856747824327534189e-08
7.400000000000000000e+02,6.745012108477641913e-30,7.868317893948588172e-30,9.999993879205306690e-01,2.730276639466112185e-30,9.999999999999293898e-01,9.999999999999293898e-01,9.548638961125971214e-13,9.999999999999293898e-01,7.418400284951433530e-07,3.196803854122660366e-06,9.999962888249723791e-01,3.185173293096909053e-06,7.159583102059940973e-03,7.220981509735744514e-03,8.316776649344865267e-06,7.220968010325888933e-03,2.374968726417338243e-07,8.294215592870176623e-01,1.775378524110525729e-07,8.005449004169612400e-08
7.450000000000000000e+02,6.744530053915517816e-30,7.865779125424711147e-30,9.999993879214168491e-01,2.728252014896747881e-30,9.999999999999293898e-01,9.999999999999293898e-01,9.548638960854697978e-13,9.999999999999293898e-01,6.805421112233662534e-07,2.932653349085055625e-06,9.999965252845020025e-01,2.921983816232755220e-06,7.158969395582602535e-03,7.220198622621763762e-03,7.877181797806534269e-06,7.220184394690037748e-03,2.181250051657239757e-07,8.294218685411876013e-01,1.639612203320508373e-07,7.236415394449418388e-08
7.500000000000000000e+02,6.744246290880915077e-30,7.864271525747523723e-30,9.999993879222256465e-01,2.727048993469260637e-30,9.999999999999293898e-01,9.999999999999293898e-01,9.548638960603223763e-13,9.999999999999293898e-01,6.243092140604130012e-07,2.690329484809789449e-06,9.999967422054870658e-01,2.680541570793069985e-06,7.158288369046813572e-03,7.219382685940597608e-03,7.460822371709054396e-06,7.219367990346098503e-03,2.006251386522390689e-07,8.294221523579873301e-01,1.516965761644139214e-07,6.541697303188393882e-08
7.550000000000000000e+02,6.744080315609796665e-30,7.863377443582875309e-30,9.999993879229920335e-01,2.726334868245520667e-30,9.999999999999293898e-01,9.999999999999293898e-01,9.548638960371146691e-13,9.999999999999293898e-01,5.727228166087763503e-07,2.468028735511821851e-06,9.999969412023830273e-01,2.459049592551685677e-06,7.157556852806698337e-03,7.218547415181637839e-03,7.066470228835728465e-06,7.218532480737330746e-03,1.848163728797314678e-07,8.294224128314803268e-01,1.406171356277131227e-07,5.914113256114573768e-08
7.600000000000000000e+02,6.743984227322378250e-30,7.862848296663031179e-30,9.999993879236813710e-01,2.725911609375865969e-30,9.999999999999293898e-01,9.999999999999293898e-01,9.548638960157501448e-13,9.999999999999293898e-01,5.253989806284499398e-07,2.264096599953352208e-06,9.999971237562542692e-01,2.255859399650927531e-06,7.156789835530165227e-03,7.217704783922508638e-03,6.692962142213534690e-06,7.217689809478491404e-03,1.705352888102648854e-07,8.294226518831775419e-01,1.306083662200721347e-07,5.347175760030632099e-08
7.650000000000000000e+02,6.743929530527385369e-30,7.862536138068214808e-30,9.999993879243286310e-01,2.725661351654362624e-30,9.999999999999293898e-01,9.999999999999293898e-01,9.548638959960470500e-13,9.999999999999293898e-01,4.819854925283673956e-07,2.077015287610608531e-06,9.999972912257786284e-01,2.069458723568424465e-06,7.156000566115572857e-03,7.216865142047048862e-03,6.339196368923471497e-06,7.216850298599561224e-03,1.576342593101030571e-07,8.294228712762777844e-01,1.215668032737204631e-07,4.835024240029679639e-08
7.700000000000000000e+02,6.743899279302671780e-30,7.862352921747589883e-30,9.999993879249193807e-01,2.725513946492158348e-30,9.999999999999293898e-01,9.999999999999293898e-01,9.548638959778916876e-13,9.999999999999293898e-01,4.421592419725249379e-07,1.905392422327321313e-06,9.999974448573710761e-01,1.898460253868721053e-06,7.155200659575121531e-03,7.216037334580057902e-03,6.004129400271442466e-06,7.216022767379323168e-03,1.459799231120503353e-07,8.294230726287162847e-01,1.133989804200874746e-07,4.372364457314937735e-08
7.750000000000000000e+02,6.743883401335873294e-30,7.862246255772126741e-30,9.999993879254759355e-01,2.725427647547829716e-30,9.999999999999293898e-01,9.999999999999293898e-01,9.548638959611760153e-13,9.999999999999293898e-01,4.056238170907425115e-07,1.747950679380372592e-06,9.999975857944488622e-01,1.741591312971227473e-06,7.154400205132065843e-03,7.215228819749654188e-03,5.686772883733564747e-06,7.215214650383743565e-03,1.354518062448743649e-07,8.294232574251518830e-01,1.060204634085808917e-07,3.954413781371073787e-08
7.800000000000000000e+02,6.743875914684164129e-30,7.862184969763146644e-30,9.999993879259682084e-01,2.725377614054120498e-30,9.999999999999293898e-01,9.999999999999293898e-01,9.548638959456859678e-13,9.999999999999293898e-01,3.721072983961019946e-07,1.603518278830142900e-06,9.999977150859596930e-01,1.597684384087497939e-06,7.153607875035244978e-03,7.214445785113947698e-03,5.386190707596575947e-06,7.214432113549816040e-03,1.259410766795028140e-07,8.294234270279534638e-01,9.935497729157738197e-08,3.576851750752638827e-08
7.850000000000000000e+02,6.743873271153024242e-30,7.862150524119246676e-30,9.999993879264605923e-01,2.725349067560363514e-30,9.999999999999293898e-01,9.999999999999293898e-01,9.548638959314718303e-13,9.999999999999293898e-01,3.413602349900217265e-07,1.471020264401205630e-06,9.999978336941700574e-01,1.465668421830960190e-06,7.152831032823798486e-03,7.213693260788961795e-03,5.101496239693729940e-06,7.213680167355022294e-03,1.173494193187542728e-07,8.294235826872788930e-01,9.333361795326770784e-08,3.235775411424790183e-08
7.900000000000000000e+02,6.743873370279989185e-30,7.862131896518135901e-30,9.999993879268654906e-01,2.725333218579184492e-30,9.999999999999293898e-01,9.999999999999293898e-01,9.548638959184178862e-13,9.999999999999293898e-01,3.131537879926288527e-07,1.349470502985276236e-06,9.999979425018346024e-01,1.344560880827142900e-06,7.152075839977962979e-03,7.212975228992009324e-03,4.831849712091415150e-06,7.212962776289614901e-03,1.095880197013420142e-07,8.294237255503360551e-01,8.789413983187326184e-08,2.927658970978138223e-08
7.950000000000000000e+02,6.743874972485394516e-30,7.862122538230352877e-30,9.999993879272592867e-01,2.725324841993206039e-30,9.999999999999293898e-01,9.999999999999293898e-01,9.548638959061773903e-13,9.999999999999293898e-01,2.872780273806614293e-07,1.237964345221730979e-06,9.999980423187686540e-01,1.233460402996363649e-06,7.151347360072436016e-03,7.212294729270313579e-03,4.576455744011942012e-06,7.212282964004257044e-03,1.025766459146733211e-07,8.294238566698614035e-01,8.298031247235660456e-08,2.649317351653874689e-08
8.000000000000000000e+02,6.743877349818695064e-30,7.862118562465782369e-30,9.999993879276531938e-01,2.725320833870118690e-30,9.999999999999293898e-01,9.999999999999293898e-01,9.548638958951138496e-13,9.999999999999293898e-01,2.635403695569111442e-07,1.135671892531160476e-06,9.999981338878740633e-01,1.131540109083055820e-06,7.150649659707957774e-03,7.211653958922897845e-03,4.334560995685785019e-06,7.211642913643133250e-03,9.624281922614740967e-08,8.294239770119143929e-01,7.854133925825439044e-08,2.397873265418006871e-08
8.050000000000000000e+02,6.743880078127331259e-30,7.862117666071548531e-30,9.999993879279750475e-01,2.725319352450832251e-30,9.999999999999293898e-01,9.999999999999293898e-01,9.548638958847954985e-13,9.999999999999293898e-01,2.417641440226235219e-07,1.041831820491000373e-06,9.999982178906636765e-01,1.038041444503077054e-06,7.149985905638196575e-03,7.211054368244206557e-03,4.105451946213004941e-06,7.211044062993022911e-03,9.052106485974153937e-08,8.294240874630081084e-01,7.453133231401063222e-08,2.170727470732057188e-08
8.100000000000000000e+02,6.743882913401943144e-30,7.862118487746053940e-30,9.999993879282704778e-01,2.725319306859810922e-30,9.999999999999293898e-01,9.999999999999293898e-01,9.548638958750331113e-13,9.999999999999293898e-01,2.217872784851256288e-07,9.557457125829283140e-07,9.999982949523411602e-01,9.522685337059854067e-07,7.149358457632827221e-03,7.210496750324159841e-03,3.888452788878904643e-06,7.210487194185171214e-03,8.535223517313051789e-08,8.294241888366811200e-01,7.090883814982157092e-08,1.965531903557297380e-08
8.150000000000000000e+02,6.743885718222808127e-30,7.862120226081121272e-30,9.999993879285657972e-01,2.725320052792239779e-30,9.999999999999293898e-01,9.999999999999293898e-01,9.548638958663753818e-13,9.999999999999293898e-01,2.034610926144439079e-07,8.767728621402182985e-07,9.999983656464459525e-01,8.735830010338877220e-07,7.148768956727526852e-03,7.209981325232425915e-03,3.682923437715898827e-06,7.209972517778729002e-03,8.068289823899686672e-08,8.294242818794969052e-01,6.763640914553256776e-08,1.780165404841408889e-08
8.200000000000000000e+02,6.743888418024923550e-30,7.862122412260043085e-30,9.999993879288612275e-01,2.725321211400665948e-30,9.999999999999293898e-01,9.999999999999293898e-01,9.548638958584563795e-13,9.999999999999293898e-01,1.866491914712756561e-07,8.043255038079461312e-07,9.999984304991272888e-01,8.013992195304377490e-07,7.148218408607233572e-03,7.209507818495048195e-03,3.488257639431491594e-06,7.209499751135679119e-03,7.646478551026378235e-08,8.294243672765700959e-01,6.468021644396812072e-08,1.612711793576719269e-08
8.250000000000000000e+02,6.743890975109211478e-30,7.862124774809175399e-30,9.999993879290889343e-01,2.725322561513460208e-30,9.999999999999293898e-01,9.999999999999293898e-01,9.548638958509180499e-13,9.999999999999293898e-01,1.712264503705299491e-07,7.378644390255381756e-07,9.999984899930594029e-01,7.351799523387049513e-07,7.147707261953628599e-03,7.209075533842120367e-03,3.303881185132996957e-06,7.209068191066893977e-03,7.265429285973880912e-08,8.294244456566304269e-01,6.200970025212815238e-08,1.461440058766102921e-08
8.300000000000000000e+02,6.743893373213481319e-30,7.862127159140032189e-30,9.999993879292865540e-01,2.725323975501845906e-30,9.999999999999293898e-01,9.999999999999293898e-01,9.548638958436434650e-13,9.999999999999293898e-01,1.570780836251493931e-07,6.768950229737746735e-07,9.999985445710349863e-01,6.744323542483948477e-07,7.147235481660643708e-03,7.208683420265368097e-03,3.129250216574171112e-06,7.208676780789259435e-03,6.921202983639002851e-08,8.294245175966578065e-01,5.959725393536904600e-08,1.324786465536014322e-08
8.350000000000000000e+02,6.743895608366348130e-30,7.862129479701296310e-30,9.999993879294835075e-01,2.725325381126860928e-30,9.999999999999293898e-01,9.999999999999293898e-01,9.548638958375478547e-13,9.999999999999293898e-01,1.440987902392216172e-07,6.209634831186229987e-07,9.999985946392551117e-01,6.187043036335078459e-07,7.146802616885926732e-03,7.208330133476217698e-03,2.963849621927609294e-06,7.208324171285355152e-03,6.610241247888522163e-08,8.294245836261576743e-01,5.741793863901054773e-08,1.201338390423468470e-08
8.400000000000000000e+02,6.743897683477979514e-30,7.862131691538390973e-30,9.999993879296804611e-01,2.725326738849334331e-30,9.999999999999293898e-01,9.999999999999293898e-01,9.548638958319528745e-13,9.999999999999293898e-01,1.321919701920949696e-07,5.696535419521786966e-07,9.999986405703612524e-01,5.675810374803564149e-07,7.146407863961088888e-03,7.208014091898844872e-03,2.807191516350986445e-06,7.208008777200691948e-03,6.329329547728466376e-08,8.294246442310632128e-01,5.544922548737375614e-08,1.089819718738265781e-08
8.450000000000000000e+02,6.743899605152878704e-30,7.862133773402250474e-30,9.999993879298773036e-01,2.725328028342670986e-30,9.999999999999293898e-01,9.999999999999293898e-01,9.548638958268373198e-13,9.999999999999293898e-01,1.212690054805982792e-07,5.225833187950478127e-07,9.999986827061996264e-01,5.206820644617718669e-07,7.146050124230532256e-03,7.207733527369072912e-03,2.658813802865140974e-06,7.207728827450092871e-03,6.075563988051619171e-08,8.294246998573239216e-01,5.367076269532081804e-08,9.890776530496331623e-09
8.500000000000000000e+02,6.743901381822811301e-30,7.862135717729810562e-30,9.999993879300742572e-01,2.725329240482381452e-30,9.999999999999293898e-01,9.999999999999293898e-01,9.548638958219513804e-13,9.999999999999293898e-01,1.112486005684238897e-07,4.794024876014403368e-07,9.999987213603704905e-01,4.776583330826230265e-07,7.145728056929055716e-03,7.207486530740086356e-03,2.518278809299046030e-06,7.207482410734819718e-03,5.846321291469757227e-08,8.294247509142033126e-01,5.206416518489874780e-08,8.980707964333876863e-09
8.550000000000000000e+02,6.743903022663279265e-30,7.862137524712254590e-30,9.999993879302194744e-01,2.725330372594371723e-30,9.999999999999293898e-01,9.999999999999293898e-01,9.548638958169975864e-13,9.999999999999293898e-01,1.020561773338924511e-07,4.397896696135944916e-07,9.999987568205659372e-01,4.381896338202385162e-07,7.145440127242030579e-03,7.207271092620338819e-03,2.385171997281044692e-06,7.207267516195992041e-03,5.639231680931123604e-08,8.294247977772941649e-01,5.061282453231471387e-08,8.158583872932886983e-09
8.600000000000000000e+02,6.743904536974530946e-30,7.862139198794013637e-30,9.999993879303368249e-01,2.725331425641921690e-30,9.999999999999293898e-01,9.999999999999293898e-01,9.548638958123578221e-13,9.999999999999293898e-01,9.362332001291853631e-08,4.034500414600126544e-07,9.999987893507017445e-01,4.019822159248328622e-07,7.145184649719379597e-03,7.207085139487580568e-03,2.259100739468210942e-06,7.207082069448506045e-03,5.452154382807562861e-08,8.294248407912974130e-01,4.930173728063954427e-08,7.415905744743550698e-09
8.650000000000000000e+02,6.743905933836945360e-30,7.862140746616527759e-30,9.999993879304446276e-01,2.725332402565604682e-30,9.999999999999293898e-01,9.999999999999293898e-01,9.548638958080359245e-13,9.999999999999293898e-01,8.588726600609645891e-08,3.701131408955097332e-07,9.999988191928845804e-01,3.687666011426660681e-07,7.144959827237774147e-03,7.206926565437233277e-03,2.139693161407054490e-06,7.206923964254102408e-03,5.283155497225214690e-08,8.294248802725570080e-01,4.811734984347386246e-08,6.744996321396469801e-09
8.700000000000000000e+02,6.743907221928145924e-30,7.862142175819795296e-30,9.999993879305458799e-01,2.725333307308464033e-30,9.999999999999293898e-01,9.999999999999293898e-01,9.548638958045204069e-13,9.999999999999293898e-01,7.879043876017323247e-08,3.395308538519917371e-07,9.999988465692203343e-01,3.382955780903080109e-07,7.144763785722632078e-03,7.206793259832746865e-03,2.026597044609377180e-06,7.206791090101233484e-03,5.130488006882090083e-08,8.294249165113989353e-01,4.704741839632113611e-08,6.138920235965680473e-09
8.750000000000000000e+02,6.743908409434736869e-30,7.862143494352629939e-30,9.999993879306443567e-01,2.725334144248320797e-30,9.999999999999293898e-01,9.999999999999293898e-01,9.548638958017444243e-13,9.999999999999293898e-01,7.228001924732307121e-08,3.114755678183516112e-07,9.999988716834623537e-01,3.103423623528760469e-07,7.144594604855560374e-03,7.206683131131811325e-03,1.919478787607604500e-06,7.206681355965504840e-03,4.992573717701621307e-08,8.294249497742736121e-01,4.608088230733616695e-08,5.591412320345566100e-09
8.800000000000000000e+02,6.743909504018672078e-30,7.862144710083965759e-30,9.999993879307428335e-01,2.725334917871386465e-30,9.999999999999293898e-01,9.999999999999293898e-01,9.548638957992291571e-13,9.999999999999293898e-01,6.630755285290045370e-08,2.857384778057798989e-07,9.999988947225254554e-01,2.846989086125546507e-07,7.144450345001803274e-03,7.206594127164203840e-03,1.818022421925090756e-06,7.206592710526876430e-03,4.867986944640897277e-08,8.294249803057223147e-01,4.520774979907975814e-08,5.096812840637595920e-09
8.850000000000000000e+02,6.743910512814927527e-30,7.862145830591628285e-30,9.999993879308413103e-01,2.725335632588877139e-30,9.999999999999293898e-01,9.999999999999293898e-01,9.548638957964974012e-13,9.999999999999293898e-01,6.082858874588640968e-08,2.621280322904130149e-07,9.999989158578803661e-01,2.611743622451948586e-07,7.144329070599266494e-03,7.206524252137004594e-03,1.721928680058716367e-06,7.206523159118976944e-03,4.755439774011976806e-08,8.294250083301726306e-01,4.441899465934162332e-08,4.650008991059588588e-09
8.900000000000000000e+02,6.743911442446422313e-30,7.862146863055507912e-30,9.999993879309397871e-01,2.725336292637850288e-30,9.999999999999293898e-01,9.999999999999293898e-01,9.548638957940600861e-13,9.999999999999293898e-01,5.580234904799897591e-08,2.404685075670759776e-07,9.999989352468308113e-01,2.395936388608136489e-07,7.144228870252889579e-03,7.206471580638873671e-03,1.630914112724644810e-06,7.206470777682304381e-03,4.653768749971155967e-08,8.294250340536049038e-01,4.370646293330884081e-08,4.246382041585553820e-09
8.950000000000000000e+02,6.743912299047945825e-30,7.862147814210903670e-30,9.999993879310382638e-01,2.725336902031648537e-30,9.999999999999293898e-01,9.999999999999293898e-01,9.548638957919642657e-13,9.999999999999293898e-01,5.119142533921266553e-08,2.205986999035350432e-07,9.999989530336831356e-01,2.197961212160369249e-07,7.144147873778964979e-03,7.206434268910168715e-03,1.544710252763327809e-06,7.206433723987932041e-03,4.561922847552934532e-08,8.294250576650586959e-01,4.306278863253804472e-08,3.881759592968795966e-09
9.000000000000000000e+02,6.743913088294354669e-30,7.862148690337078818e-30,9.999993879311367406e-01,2.725337464539033627e-30,9.999999999999293898e-01,9.999999999999293898e-01,9.548638957893227807e-13,9.999999999999293898e-01,4.696150024089622315e-08,2.023707257614835868e-07,9.999989693508155586e-01,2.016344638000996221e-07,7.144084266441847082e-03,7.206410563637565339e-03,1.463062823237516240e-06,7.206410246390278738e-03,4.478952607924224882e-08,8.294250793380385511e-01,4.248131758939362915e-08,3.552372445596529406e-09
9.050000000000000000e+02,6.743913815430318037e-30,7.862149497264833465e-30,9.999993879312324419e-01,2.725337983679941534e-30,9.999999999999293898e-01,9.999999999999293898e-01,9.548638957868335648e-13,9.999999999999293898e-01,4.308109200441366037e-08,1.856489211547400303e-07,9.999989843196669392e-01,1.849734961973808557e-07,7.144036300620999758e-03,7.206398808523067218e-03,1.385730987387431588e-06,7.206398690358567331e-03,4.404000323548614455e-08,8.294250992317805382e-01,4.195603866981971917e-08,3.254815636319160582e-09
9.100000000000000000e+02,6.743914485299950958e-30,7.862150240394996100e-30,9.999993879312868428e-01,2.725338462730457078e-30,9.999999999999293898e-01,9.999999999999293898e-01,9.548638957846091033e-13,9.999999999999293898e-01,3.952132020425705506e-08,1.703088319529987168e-07,9.999989980516501564e-01,1.696892170646154035e-07,7.144002305140827527e-03,7.206397448866244324e-03,1.312486638230623092e-06,7.206397503025767544e-03,4.336291171803355898e-08,8.294251174924320846e-01,4.148152163337457399e-08,2.986013240482210386e-09
9.150000000000000000e+02,6.743915102375449836e-30,7.862150924721769225e-30,9.999993879313350265e-01,2.725338904732840914e-30,9.999999999999293898e-01,9.999999999999293898e-01,9.548638957822816481e-13,9.999999999999293898e-01,3.625569079185359899e-08,1.562362876163376799e-07,9.999990106489672348e-01,1.556678712353273487e-07,7.143980692487874630e-03,7.206405034387569977e-03,1.243113725711074132e-06,7.206405235982367256e-03,4.275125205395911329e-08,8.294251342541334449e-01,4.105286099817070242e-08,2.743186575310989366e-09
9.200000000000000000e+02,6.743915670784437391e-30,7.862151554858381529e-30,9.999993879313789913e-01,2.725339312507926468e-30,9.999999999999293898e-01,9.999999999999293898e-01,9.548638957797025652e-13,9.999999999999293898e-01,3.325989891028260666e-08,1.433265514666410743e-07,9.999990222053724009e-01,1.428051030827195604e-07,7.143969964131335545e-03,7.206420220507357005e-03,1.177407619412794041e-06,7.206420546529743176e-03,4.219870116783933384e-08,8.294251496399938084e-01,4.066562533043894587e-08,2.523825475958657833e-09
9.250000000000000000e+02,6.743916194335665267e-30,7.862152135063031522e-30,9.999993879314200695e-01,2.725339688668646323e-30,9.999999999999293898e-01,9.999999999999293898e-01,9.548638957781380710e-13,9.999999999999293898e-01,3.051164800232615345e-08,1.314835411717220241e-07,9.999990328068757428e-01,1.310051798398216148e-07,7.143968714153247496e-03,7.206441768282689266e-03,1.115174504958157296e-06,7.206442197594764738e-03,4.169954701803112192e-08,8.294251637630065677e-01,4.031581143450753126e-08,2.325662347291106677e-09
9.300000000000000000e+02,6.743916676542969239e-30,7.862152669264336520e-30,9.999993879314575951e-01,2.725340035633629017e-30,9.999999999999293898e-01,9.999999999999293898e-01,9.548638957773652145e-13,9.999999999999293898e-01,2.799048386554298581e-08,1.206191136405009460e-07,9.999990425323812548e-01,1.201802790963479739e-07,7.143975631383782388e-03,7.206468543190733440e-03,1.056230812310442561e-06,7.206469056494138430e-03,4.124862954935726529e-08,8.294251767268807640e-01,3.999980296964736933e-08,2.146648723175596738e-09
9.350000000000000000e+02,6.743917120647696988e-30,7.862153161085618550e-30,9.999993879314919010e-01,2.725340355640521888e-30,9.999999999999293898e-01,9.999999999999293898e-01,9.548638957755589881e-13,9.999999999999293898e-01,2.567764241929814871e-08,1.106524090069848108e-07,9.999990514542721476e-01,1.102498351693860968e-07,7.143989500226429618e-03,7.206499512933181931e-03,1.000402674294290742e-06,7.206500092722821840e-03,4.084128735181200168e-08,8.294251886268034779e-01,3.971433306599171263e-08,1.984934090960832641e-09
9.400000000000000000e+02,6.743917529639459934e-30,7.862153613867748311e-30,9.999993879315230982e-01,2.725340650758809101e-30,9.999999999999293898e-01,9.999999999999293898e-01,9.548638957744799778e-13,9.999999999999293898e-01,2.355591005073711843e-08,1.015092488205601887e-07,9.999990596389516373e-01,1.011399394831839310e-07,7.144009200345775336e-03,7.206533744423401604e-03,9.475254137368622292e-07,7.206534374927931266e-03,4.047330947389279573e-08,8.294251995501394914e-01,3.945645055308191938e-08,1.838846762251819880e-09
9.450000000000000000e+02,6.743917906275444527e-30,7.862154030690691547e-30,9.999993879315525191e-01,2.725340922901886287e-30,9.999999999999293898e-01,9.999999999999293898e-01,9.548638957738359644e-13,9.999999999999293898e-01,2.160949550031095962e-08,9.312158396356240755e-08,9.999990671473357740e-01,9.278279049529625279e-08,7.144033705379285518e-03,7.206570400103812744e-03,8.974430577168652580e-07,7.206571067215392264e-03,4.014089189244106362e-08,8.294252095770748845e-01,3.922348945193194774e-08,1.706876592236033300e-09
9.500000000000000000e+02,6.743918253098193325e-30,7.862154414393474742e-30,9.999993879315793865e-01,2.725341173838434884e-30,9.999999999999293898e-01,9.999999999999293898e-01,9.548638957734611482e-13,9.999999999999293898e-01,1.982391233334440773e-08,8.542698818717324851e-08,9.999990740353048579e-01,8.511618907509198871e-08,7.144062080822315489e-03,7.206608733728177806e-03,8.500078774886921658e-07,7.206609424923761213e-03,3.984059818901310934e-08,8.294252187812096722e-01,3.901304141524186485e-08,1.587659368926338137e-09
9.550000000000000000e+02,6.743918572452171145e-30,7.862154767592729907e-30,9.999993879316037004e-01,2.725341405203050282e-30,9.999999999999293898e-01,9.999999999999293898e-01,9.548638957732818180e-13,9.999999999999293898e-01,1.818587112292697675e-08,7.836819349622518891e-08,9.999990803541257689e-01,7.808307557891453363e-08,7.144093481223728198e-03,7.206648085730246213e-03,8.050799527245129580e-07,7.206648789986451649e-03,3.956932402628589987e-08,8.294252272300935980e-01,3.882293083086657616e-08,1.479962710948373740e-09
9.600000000000000000e+02,6.743918866498953735e-30,7.862155092699875899e-30,9.999993879316263490e-01,2.725341618506159515e-30,9.999999999999293898e-01,9.999999999999293898e-01,9.548638957715014410e-13,9.999999999999293898e-01,1.668318054168435169e-08,7.189266392495783673e-08,9.999990861508234463e-01,7.163110517652006317e-08,7.144127146818347526e-03,7.206687878288041936e-03,7.625267587889948635e-07,7.206688585991472516e-03,3.932426505728158613e-08,8.294252349857322848e-01,3.865119233117447842e-08,1.382673328094312033e-09
9.650000000000000000e+02,6.743919137231394905e-30,7.862155391937084817e-30,9.999993879316469991e-01,2.725341815143255468e-30,9.999999999999293898e-01,9.999999999999293898e-01,9.548638957708392522e-13,9.999999999999293898e-01,1.530465662629421229e-08,6.595220453149649123e-08,9.999990914685428223e-01,6.571225826810622607e-08,7.144162399710241376e-03,7.206727610180971300e-03,7.222227758292136760e-07,7.206728313035573076e-03,3.910288793568375618e-08,8.294252421050332114e-01,3.849605047580459051e-08,1.294785512952236856e-09
9.700000000000000000e+02,6.743919386486619361e-30,7.862155667351907352e-30,9.999993879316658729e-01,2.725341996403450053e-30,9.999999999999293898e-01,9.999999999999293898e-01,9.548638957704704944e-13,9.999999999999293898e-01,1.404003953943442256e-08,6.050260270094576517e-08,9.999990963468615712e-01,6.028248309241096551e-08,7.144198639710496422e-03,7.206766851525598164e-03,6.840491185266901863e-07,7.206767542458597346e-03,3.890290412756967691e-08,8.294252486402369229e-01,3.835590139779341414e-08,1.215390744646218148e-09
9.750000000000000000e+02,6.743919615958156554e-30,7.862155920830939653e-30,9.999993879316833034e-01,2.725342163477443038e-30,9.999999999999293898e-01,9.999999999999293898e-01,9.548638957703983989e-13,9.999999999999293898e-01,1.287991720965592275e-08,5.550329908745256196e-08,9.999991008220862065e-01,5.530136786594935806e-08,7.144235339922214156e-03,7.206805238465419441e-03,6.478931854194162249e-07,7.206805911532926552e-03,3.872224625384855458e-08,8.294252546392830716e-01,3.822929622334200740e-08,1.143668297218333376e-09
9.800000000000000000e+02,6.743919827206917046e-30,7.862156154112304689e-30,9.999993879316999568e-01,2.725342317464883777e-30,9.999999999999293898e-01,9.999999999999293898e-01,9.548638957702063459e-13,9.999999999999293898e-01,1.181565528085922991e-08,5.091708574618150132e-08,9.999991049275263055e-01,5.073184001324029216e-08,7.144272042155170102e-03,7.206842467879660992e-03,6.136483267594805595e-07,7.206843118173170137e-03,3.855904671884776161e-08,8.294252601461807872e-01,3.811492609382731235e-08,1.078876755569206575e-09
9.850000000000000000e+02,6.743920021671620979e-30,7.862156368797308257e-30,9.999993879317146117e-01,2.725342459381242819e-30,9.999999999999293898e-01,9.999999999999293898e-01,9.548638957700934568e-13,9.999999999999293898e-01,1.083933285001499815e-08,4.670982920851424071e-08,9.999991086937344287e-01,4.653989024950906245e-08,7.144308352243349328e-03,7.206878292166974537e-03,5.812135299265653088e-07,7.206878915721521076e-03,3.841161840412874719e-08,8.294252652013238691e-01,3.801160863522357475e-08,1.020346351255148323e-09
9.900000000000000000e+02,6.743920200678137721e-30,7.862156566361077630e-30,9.999993879317283785e-01,2.725342590164133521e-30,9.999999999999293898e-01,9.999999999999293898e-01,9.548638957698394057e-13,9.999999999999293898e-01,9.943683514848632750e-09,4.285021643942371193e-08,9.999991121487431522e-01,4.269431946231523215e-08,7.144343935328895979e-03,7.206912514151004971e-03,5.504931214693591610e-07,7.206913107855936543e-03,3.827843722795859960e-08,8.294252698417901026e-01,3.791827573506343112e-08,9.674720389151571335e-10
9.950000000000000000e+02,6.743920365448417752e-30,7.862156748162383266e-30,9.999993879317414791e-01,2.725342710679187691e-30,9.999999999999293898e-01,9.999999999999293898e-01,9.548638957696986477e-13,9.999999999999293898e-01,9.122041292729158999e-09,3.930952178627896859e-08,9.999991153182646864e-01,3.916650650824121941e-08,7.144378511168147580e-03,7.206944982147246194e-03,5.213964848960165990e-07,7.206945543660101504e-03,3.815812639014951361e-08,8.294252741016102659e-01,3.783396250058432978e-08,9.197072417570592452e-10
1.000000000000000000e+03,6.743920517108442221e-30,7.862156915452857947e-30,9.999993879317530254e-01,2.725342821725494726e-30,9.999999999999293898e-01,9.999999999999293898e-01,9.548638957678908057e-13,9.999999999999293898e-01,8.368291008256461271e-09,3.606139318456903241e-08,9.999991182258911593e-01,3.593019519643875666e-08,7.144411849506698310e-03,7.206975585222708848e-03,4.938377933812041288e-07,7.206976112886699475e-03,3.804944213940285014e-08,8.294252780120203727e-01,3.775779728391511193e-08,8.765582014482921975e-10
1.005000000000000000e+03,6.743920656695690474e-30,7.862157069385314886e-30,9.999993879317631285e-01,2.725342924040656100e-30,9.999999999999293898e-01,9.999999999999293898e-01,9.548638957671989305e-13,9.999999999999293898e-01,7.676822780300617229e-09,3.308165602935388797e-08,9.999991208932609288e-01,3.296129887363201404e-08,7.144443765563998801e-03,7.207004248673841429e-03,4.677357566013093132e-07,7.207004741439505639e-03,3.795126091602809901e-08,8.294252816016964847e-01,3.768899267118964686e-08,8.375788740047662411e-10
1.010000000000000000e+03,6.743920785166178769e-30,7.862157211021474492e-30,9.999993879317733425e-01,2.725343018305417352e-30,9.999999999999293898e-01,9.999999999999293898e-01,9.548638957668428955e-13,9.999999999999293898e-01,7.042490269757158704e-09,3.034813325273281462e-08,9.999991233402272250e-01,3.023772115617614947e-08,7.144474115660382797e-03,7.207030929741911618e-03,4.430133809510437491e-07,7.207031387093015655e-03,3.786256773712979757e-08,8.294252848969545511e-01,3.762683734243730303e-08,8.023663189152770519e-10
1.015000000000000000e+03,6.743920903400623191e-30,7.862157341339157225e-30,9.999993879317820022e-01,2.725343105148029629e-30,9.999999999999293898e-01,9.999999999999293898e-01,9.548638957666411490e-13,9.999999999999293898e-01,6.460572377272228423e-09,2.784048026823086702e-08,9.999991255850027017e-01,2.773919147494792949e-08,7.144502793013874677e-03,7.207055613579675321e-03,4.195977424341434947e-07,7.207056035463693493e-03,3.778244570419594834e-08,8.294252879219523589e-01,3.757068871810318297e-08,7.705565338377052013e-10
1.020000000000000000e+03,6.743921012210462432e-30,7.862157461238851493e-30,9.999993879317904399e-01,2.725343185148216760e-30,9.999999999999293898e-01,9.999999999999293898e-01,9.548638957669357917e-13,9.999999999999293898e-01,5.926738105867793406e-09,2.554003355366034602e-08,9.999991276442915522e-01,2.544711420908976152e-08,7.144529723728144412e-03,7.207078309478627196e-03,3.974197715582651063e-07,7.207078696241957759e-03,3.771006652462391072e-08,8.294252906988652807e-01,3.751996631617995253e-08,7.418206918091922730e-10
1.025000000000000000e+03,6.743921112343191131e-30,7.862157571549775661e-30,9.999993879317982115e-01,2.725343258840872588e-30,9.999999999999293898e-01,9.999999999999293898e-01,9.548638957665577443e-13,9.999999999999293898e-01,5.437014326952885081e-09,2.342967174551351045e-08,9.999991295334231811e-01,2.334443028576669358e-08,7.144554862987994442e-03,7.207099047361661265e-03,3.764140495995696683e-07,7.207099399689486166e-03,3.764468194920342271e-08,8.294252932480469243e-01,3.747414575128299805e-08,7.158617420733949419e-10
1.030000000000000000e+03,6.743921204487366716e-30,7.862157673035526691e-30,9.999993879318048728e-01,2.725343326719495546e-30,9.999999999999293898e-01,9.999999999999293898e-01,9.548638957664553565e-13,9.999999999999293898e-01,4.987756209815297623e-09,2.149368821106509940e-08,9.999991312664572307e-01,2.141549021587528434e-08,7.144578191474425244e-03,7.207117874542657773e-03,3.565186156360449520e-07,7.207118193403643999e-03,3.758561603704186240e-08,8.294252955881815659e-01,3.743275331363231123e-08,6.924113393866812104e-10
1.035000000000000000e+03,6.743921289277274325e-30,7.862157766399145831e-30,9.999993879318114232e-01,2.725343389239348586e-30,9.999999999999293898e-01,9.999999999999293898e-01,9.548638957661374897e-13,9.999999999999293898e-01,4.575620094511232701e-09,1.971767414978578285e-08,9.999991328562917170e-01,1.964593762075558548e-08,7.144599712007028598e-03,7.207134852750945835e-03,3.376747837803569140e-07,7.207135139346523833e-03,3.753225816797285817e-08,8.294252977364199308e-01,3.739536107190294369e-08,6.712270700607405382e-10
1.040000000000000000e+03,6.743921367297102677e-30,7.862157852288032971e-30,9.999993879318174184e-01,2.725343446820369680e-30,9.999999999999293898e-01,9.999999999999293898e-01,9.548638957659323102e-13,9.999999999999293898e-01,4.197538606256435913e-09,1.808841135403558343e-08,9.999991343147595080e-01,1.802260238304073376e-08,7.144619446418005483e-03,7.207150055416449916e-03,3.198269700731302235e-07,7.207150311134687300e-03,3.748405673021421106e-08,8.294252997085032053e-01,3.736158244931804986e-08,6.520899460665001271e-10
1.045000000000000000e+03,6.743921439084857895e-30,7.862157931298196783e-30,9.999993879318237466e-01,2.725343499849907851e-30,9.999999999999293898e-01,9.999999999999293898e-01,9.548638957654706562e-13,9.999999999999293898e-01,3.850697826104229951e-09,1.659377383089359802e-08,9.999991356527132558e-01,1.653340262640483187e-08,7.144637432659152118e-03,7.207163565208474579e-03,3.029225285260288219e-07,7.207163791582496537e-03,3.744051341802322458e-08,8.294253015188816081e-01,3.733106822725385133e-08,6.348021412952363571e-10
1.050000000000000000e+03,6.743921505136127399e-30,7.862158003978335297e-30,9.999993879318284096e-01,2.725343548685187009e-30,9.999999999999293898e-01,9.999999999999293898e-01,9.548638957656312051e-13,9.999999999999293898e-01,3.532516348000426726e-09,1.522263755293339040e-08,9.999991368801124381e-01,1.516725479468132255e-08,7.144653722140180928e-03,7.207175471819753966e-03,2.869115958310259123e-07,7.207175670490288850e-03,3.740117808040193141e-08,8.294253031808203058e-01,3.730350293504204726e-08,6.191849465760702661e-10
1.055000000000000000e+03,6.743921565907216008e-30,7.862158070833619413e-30,9.999993879318329615e-01,2.725343593655658377e-30,9.999999999999293898e-01,9.999999999999293898e-01,9.548638957657220819e-13,9.999999999999293898e-01,3.240626066344716454e-09,1.396479766625210768e-08,9.999991380060930801e-01,1.391399116110482466e-08,7.144668377294874015e-03,7.207185869985515553e-03,2.717469442777843625e-07,7.207186042667625483e-03,3.736564406760049934e-08,8.294253047064937823e-01,3.727860158865059682e-08,6.050769223102950543e-10
1.060000000000000000e+03,6.743921621818408163e-30,7.862158132329082638e-30,9.999993879318368473e-01,2.725343635065120310e-30,9.999999999999293898e-01,9.999999999999293898e-01,9.548638957666445822e-13,9.999999999999293898e-01,2.972854551067332578e-09,1.281089253956397939e-08,9.999991390390318147e-01,1.276428415372779508e-08,7.144681469368999345e-03,7.207194857726370932e-03,2.573838424453103200e-07,7.207195006180034356e-03,3.733354402731567655e-08,8.294253061070797628e-01,3.725610674452697239e-08,5.923322296258670033e-10
1.065000000000000000e+03,6.743921673256680844e-30,7.862158188892813246e-30,9.999993879318407330e-01,2.725343673193679058e-30,9.999999999999293898e-01,9.999999999999293898e-01,9.548638957663125790e-13,9.999999999999293898e-01,2.727208879045548251e-09,1.175233408908403386e-08,9.999991399866214881e-01,1.170957693379540965e-08,7.144693076423138355e-03,7.207202534802853271e-03,2.437799232569441773e-07,7.207202660807197382e-03,3.730454610712625173e-08,8.294253073928384845e-01,3.723578583814946852e-08,5.808191228007632178e-10
1.070000000000000000e+03,6.743921720578333802e-30,7.862158240918843751e-30,9.999993879318445078e-01,2.725343708299591477e-30,9.999999999999293898e-01,9.999999999999293898e-01,9.548638957668915650e-13,9.999999999999293898e-01,2.501860801523086555e-09,1.078124386063638615e-08,9.999991408559125716e-01,1.074201971039872322e-08,7.144703281541625595e-03,7.207209001368742804e-03,2.308950590095046687e-07,7.207209106699720251e-03,3.727835052390965453e-08,8.294253085731863040e-01,3.721742877977175410e-08,5.704185873709965776e-10
1.075000000000000000e+03,6.743921764111451647e-30,7.862158288769907270e-30,9.999993879318476164e-01,2.725343740620952538e-30,9.999999999999293898e-01,9.999999999999293898e-01,9.548638957669388210e-13,9.999999999999293898e-01,2.295133137139225673e-09,9.890394393269770224e-09,9.999991416533740018e-01,9.854411317420071831e-09,7.144712171237986575e-03,7.207214356810062381e-03,2.186912430079412158e-07,7.207214443221281706e-03,3.725468646477655781e-08,8.294253096567696382e-01,3.720084578250869407e-08,5.610231098450598597e-10
1.080000000000000000e+03,6.743921804158103880e-30,7.862158332779807108e-30,9.999993879318507251e-01,2.725343770377259532e-30,9.999999999999293898e-01,9.999999999999293898e-01,9.548638957662701698e-13,9.999999999999293898e-01,2.105487289295911783e-09,9.073155427971901035e-09,9.999991423849415861e-01,9.040145617950312599e-09,7.144719834046595573e-03,7.207218698756368350e-03,2.071324774563672317e-07,7.207218767962891674e-03,3.723330928748536707e-08,8.294253106515203644e-01,3.718586540030819396e-08,5.525355663069999921e-10
1.085000000000000000e+03,6.743921840996424424e-30,7.862158373255852222e-30,9.999993879318538337e-01,2.725343797770829127e-30,9.999999999999293898e-01,9.999999999999293898e-01,9.548638957655827375e-13,9.999999999999293898e-01,1.931511794959421327e-09,8.323444561134484413e-09,9.999991430560604133e-01,8.293162337285309048e-09,7.144726359289711379e-03,7.207222122250977678e-03,1.961846672747699070e-07,7.207222175915801998e-03,3.721399799139884788e-08,8.294253115647290953e-01,3.717233275552897410e-08,5.448682184193544563e-10
1.090000000000000000e+03,6.743921874882410891e-30,7.862158410480741968e-30,9.999993879318561651e-01,2.725343822988149277e-30,9.999999999999293898e-01,9.999999999999293898e-01,9.548638957652065077e-13,9.999999999999293898e-01,1.771911819669521055e-09,7.635681975500459627e-09,9.999991436717251547e-01,7.607901958570603990e-09,7.144731836008345535e-03,7.207224719066693264e-03,1.858155195281951114e-07,7.207224758789771389e-03,3.719655293283644674e-08,8.294253124030802615e-01,3.716010793779929149e-08,5.379418064473293762e-10
1.095000000000000000e+03,6.743921906051763083e-30,7.862158444714767533e-30,9.999993879318584966e-01,2.725343846201089238e-30,9.999999999999293898e-01,9.999999999999293898e-01,9.548638957661302196e-13,9.999999999999293898e-01,1.625499520571401430e-09,7.004748911673621851e-09,9.999991442365171457e-01,6.979264345399137774e-09,7.144736352045796650e-03,7.207226577154299783e-03,1.759944481717488652e-07,7.207226604463781716e-03,3.718079376120661661e-08,8.294253131727115091e-01,3.714906455760637296e-08,5.316847299286159122e-10
1.100000000000000000e+03,6.743921934721452451e-30,7.862158476197445858e-30,9.999993879318608281e-01,2.725343867568061247e-30,9.999999999999293898e-01,9.999999999999293898e-01,9.548638957665930853e-13,9.999999999999293898e-01,1.491185205746111679e-09,6.425949571109119408e-09,9.999991447546400236e-01,6.402570783405760154e-09,7.144739993272277573e-03,7.207227780211004388e-03,1.666924838304400481e-07,7.207227796556474504e-03,3.716655755458351196e-08,8.294253138792568869e-01,3.713908843966278854e-08,5.260323075191648272e-10
